seq	s_plate	primer	well	plate	sanger_id	rec	folder	id	accession	title	taxid	sciname	num	bit_score	score	evalue	identity	query_from	query_to	query_strand	hit_from	hit_to	hit_strand	align_len	gaps	qseq	hseq	midline	caenorhabditis	percent_identity	top3hits_frac_caenorhabditis
S-0614_oECA1271_ssu_pcr_1	S-0614	oECA1271					1	gi|1689836087|gb|MN082258.1|	MN082258	Caenorhabditis sp. 5 GVDU-2019 small subunit ribosomal RNA gene, partial sequence	2590281	Caenorhabditis sp. 5 GVDU-2019	1	693.614	375	0	439	11	480	Plus	355	826	Plus	478	14	CAT-AANAAGCCCCTCCTCTGGA-GGGCTATTTCAATGAGTTGAATACAAATGATTCTTCGAGGATCCAGGAGAGGGCAAGTCTGGTGCCAGCAGCCGC-NNAATTCCAGCTCTCCTAGTGT-AATCGTCATTGCTGCGGTT-AAAAGCTCGTAGTTGGATCTAGGTCATATGCTGNTGTTCGNTTTTAGCGATAATAAACGGCTGTGACTTTCTGNTGGTNTTCTACTTCGGTGNTGACCAGCGCGTTTACTTTTGAATAAAATTAAAGTGCTCAAGACAAGCGTTCGCTTGAATAGTTGATCATGNGAATNANTGGAACAGGACTTCGGTTCTTTTTTATTGNTTCTAGAACTNNAGTAANGGTAAAGAGGGACAACTCGGGGGCA-TCNNATCNTTGCNCGAGAGGTGAANTTCGNGGACCGCAGTGG-ACG-CCTAAAGCGAAAGCNTTTGCCAAGATNGTCTTCATAAATCAA	CATAAAAAAGCCCCTCCTCTGGAGGGGCTATTTCAATGAGTTGAATACAAATGATTCTTCGAGGATCCAGGAGAGGGCAAGTCTGGTGCCAGCAGCCGCGGTAATTCCAGCTCTCCTAGTGTAAATCGTCATTGCTGCGGTTAAAAAGCTCGTAGTTGGATCTAGGTCATATGCTGTTGTTCGTTTTTAGCGTTAAT-AACGGCTGTGACTTTCTGTTGGTTTTCTACTTCGGTGGTGACCAGCGCGTTTACTTT-GAAT-AAATTAAAGTGCTCAAGACAAGCGTTCGCTTGAATAGTTGATCATG-GAATAA-TGGAACAGGACTTCGGTTC-TTTTTATTGGTTCTAGAACTGTAGTAATGGTTAAGAGGGACAACTCGGGGGCATTCGTATCATTGCGCGAGAGGTGAAATTCGTGGACCGCAGTGGGACGCCCTAAAGCGAAAGCATTTGCCAAGAATGTCTTCATTAATCAA	||| || |||||||||||||||| |||||||||||||||||||||||||||||||||||||||||||||||||||||||||||||||||||||||||||   |||||||||||||||||||| ||||||||||||||||||| ||||||||||||||||||||||||||||||||| |||||| |||||||| |||| |||||||||||||||||| |||| ||||||||||||| ||||||||||||||||||| |||| |||||||||||||||||||||||||||||||||||||||||||||| |||| | ||||||||||||||||||| ||||||||| ||||||||||  ||||| ||| ||||||||||||||||||||| ||  ||| |||| ||||||||||| |||| |||||||||||| ||| |||||||||||||| ||||||||||  |||||||| ||||||	1	0.918410041841004	1
S-0641_oECA1271_ssu_pcr_1	S-0641	oECA1271					1	gi|1689836087|gb|MN082258.1|	MN082258	Caenorhabditis sp. 5 GVDU-2019 small subunit ribosomal RNA gene, partial sequence	2590281	Caenorhabditis sp. 5 GVDU-2019	1	754.553	408	0	446	32	487	Plus	362	826	Plus	466	11	AAGCCCCTCCTCTGGAGGGNCTATTNCAATGAGTTGAATACAAATGATTCTTCGAGGATCCAGGAGAGGGCAAGTCTGGTGCCAGCAGCCGCGGTAATTCCAGCTCTCCTAGTGTAAATCGTCATTGCTGCGGTTAAAAAGCTCGTAGTTGGATCTAGGTCATATGCTGTTGTTCGTTTTTAGCGNTAATAACGGCTGTGACTTTCTGNTGGTTTTCTACTTCGGTGGTGACCAGCGCGTTTACTTTGAATAAATTAAAGTGCTCAAGACAAGCGTTCGCTTGAATAGTTGATCATGNAATAATGNAACAGGACTTCGGGTCTTTTTATTGG-TCTAGAACNGTAGTAATGG-TAAGAGGGACAACTC-GGGGCATTCGTATCATNTGCGCGAGAGGTG-AATTCGTGGACCGCAGTGG-ACGCC-TAA-GCGAA-GCATTTGCCA-G-ATGNCTTCATTAATCAA	AAGCCCCTCCTCTGGAGGGGCTATTTCAATGAGTTGAATACAAATGATTCTTCGAGGATCCAGGAGAGGGCAAGTCTGGTGCCAGCAGCCGCGGTAATTCCAGCTCTCCTAGTGTAAATCGTCATTGCTGCGGTTAAAAAGCTCGTAGTTGGATCTAGGTCATATGCTGTTGTTCGTTTTTAGCGTTAATAACGGCTGTGACTTTCTGTTGGTTTTCTACTTCGGTGGTGACCAGCGCGTTTACTTTGAATAAATTAAAGTGCTCAAGACAAGCGTTCGCTTGAATAGTTGATCATGGAATAATGGAACAGGACTTCGGTTCTTTTTATTGGTTCTAGAACTGTAGTAATGGTTAAGAGGGACAACTCGGGGGCATTCGTATCAT-TGCGCGAGAGGTGAAATTCGTGGACCGCAGTGGGACGCCCTAAAGCGAAAGCATTTGCCAAGAATGTCTTCATTAATCAA	||||||||||||||||||| ||||| ||||||||||||||||||||||||||||||||||||||||||||||||||||||||||||||||||||||||||||||||||||||||||||||||||||||||||||||||||||||||||||||||||||||||||||||||||||||||||||||| |||||||||||||||||||||| |||||||||||||||||||||||||||||||||||||||||||||||||||||||||||||||||||||||||||||||||||||||| ||||||| ||||||||||||| |||||||||||| |||||||| |||||||||| ||||||||||||||| |||||||||||||||| ||||||||||||| ||||||||||||||||||| ||||| ||| ||||| |||||||||| | ||| |||||||||||||	1	0.957081545064378	1
S-0613_oECA1271_ssu_pcr_1	S-0613	oECA1271					1	gi|1689836087|gb|MN082258.1|	MN082258	Caenorhabditis sp. 5 GVDU-2019 small subunit ribosomal RNA gene, partial sequence	2590281	Caenorhabditis sp. 5 GVDU-2019	1	702.847	380	0	433	23	485	Plus	363	825	Plus	468	10	AGCCCCTCCTCTGGAGGGGCTATTCCAATGAGTCNGAATACAAATGATTCTTCGAGGATCCAGGAGAGGGCAAGTCTGGTGCCAGCAGCCGCGGTAATTCCAGCTCTCCTAGTGTAAATCGTCATTGCTGCGGTTAAAAAGCTCGTAGTTGGATCTAGGTCATATGCTGNTGTTCNNTTTTAGCGNTAATAACTGGCTGTGACTTTCTNTTGGTTT-CTACTTTCGGNGGTGACCAGCGCGNTTACTTTTGAATAAATTAAAGNGCTCAAGACAAGCGNTCGCTTGAATAGTTGATCATGCANTAATTGGAANAGGACTTCGGTNCTTTTTATTGN-TCTAGAACTGNAGNAATGGTTAAGAGGGACAACTCGGGGGCATTCGNATCNTTGCGCGAGAGGNG-AATTCGNGGACCGCAGTGGGACG-CCTAAAGCGAAAGCANTTGCCAAGATTGTCTTCNTTA-TCA	AGCCCCTCCTCTGGAGGGGCTATTTCAATGAGT-TGAATACAAATGATTCTTCGAGGATCCAGGAGAGGGCAAGTCTGGTGCCAGCAGCCGCGGTAATTCCAGCTCTCCTAGTGTAAATCGTCATTGCTGCGGTTAAAAAGCTCGTAGTTGGATCTAGGTCATATGCTGTTGTTCGTTTTTAGCGTTAATAAC-GGCTGTGACTTTCTGTTGGTTTTCTAC-TTCGGTGGTGACCAGCGCGTTTAC-TTTGAATAAATTAAAGTGCTCAAGACAAGCGTTCGCTTGAATAGTTGATCATGGAATAA-TGGAACAGGACTTCGGTTCTTTTTATTGGTTCTAGAACTGTAGTAATGGTTAAGAGGGACAACTCGGGGGCATTCGTATCATTGCGCGAGAGGTGAAATTCGTGGACCGCAGTGGGACGCCCTAAAGCGAAAGCATTTGCCAAGAATGTCTTCATTAATCA	|||||||||||||||||||||||| ||||||||  |||||||||||||||||||||||||||||||||||||||||||||||||||||||||||||||||||||||||||||||||||||||||||||||||||||||||||||||||||||||||||||||||||||| |||||  |||||||| ||||||| |||||||||||||| ||||||| |||| ||||| ||||||||||||| |||| |||||||||||||||| |||||||||||||| ||||||||||||||||||||| | ||| ||||| ||||||||||| ||||||||||  |||||||||| || |||||||||||||||||||||||||||||||| ||| |||||||||||| | |||||| |||||||||||||||| ||||||||||||||| ||||||||| ||||||| ||| |||	1	0.925213675213675	1
S-0569_oECA1271_ssu_pcr_1	S-0569	oECA1271					1	gi|1465312958|gb|MH809976.1|	MH809976	Caenorhabditis sp. t LS-2018 strain JU2818 small subunit ribosomal RNA gene, partial sequence	2306311	Caenorhabditis tribulationis	1	889.359	481	0	490	4	497	Plus	403	897	Plus	495	1	TGA-TAAAAATATAAAGACTCATCCTTTTGGATGAGTTATTTCAATGAGTTGAATACAAATGATTCTTCGAGTAGCAAGGAGAGGGCAAGTCTGGTGCCAGCAGCCGCGGTAATTCCAGCTCTCCTAGTGTATCTCGTTATTGCTGCGGTTAAAAAGCTCGTAGTTGGATCTAGGTTACGTGCTGCAGTTCGCAATTTGCGTCAACTGTAGTCGTGACTTCTAATTTGCTGGTTTGAGGTTGGGTTCGCCCTTCAACTGCCAGCAGGTTTACCTTGAATAAATCAGAGTGCTCAATACAAGCGTTTGCTTGAATAGCTCATCATGGAATAATGAAATAGGACTTCGGNTCTTTTTGNTGGTTCTAGAACTGATTTAATGGTTAAGAGGGACAAACCGGGGGCATTCGTATCATTACGCGAGAGGTGAAATTCGTGGACCGTAGTGAGACGCCCAACAGCGAAAGCATTTGCCAAGAATGTCTTCATTAATCAAGA	TGACTAAAAATATAAAGACTCATCCTTTTGGATGAGTTATTTCAATGAGTTGAATACAAATGATTCTTCGAGTAGCAAGGAGAGGGCAAGTCTGGTGCCAGCAGCCGCGGTAATTCCAGCTCTCCTAGTGTATCTCGTTATTGCTGCGGTTAAAAAGCTCGTAGTTGGATCTAGGTTACGTGCTGCAGTTCGCAATTTGCGTCAACTGTAGTCGTGACTTCTAATTTGCTGGTTTGAGGTTGGGTTCGCCCTTCAACTGCCAGCAGGTTTACCTTGAATAAATCAGAGTGCTCAATACAAGCGCTTGCTTGAATAGCTCATCATGGAATAATGAAACAGGACTTCGGTTCTTTTTGTTGGTTCTAGAACTGATTTAATGGTTAAGAGGGACAAACCGGGGGCATTCGTATCATTACGCGAGAGGTGAAATTCGTGGACCGTAGTGAGACGCCCAACAGCGAAAGCATTTGCCAAGAATGTCTTCATTAATCAAGA	||| ||||||||||||||||||||||||||||||||||||||||||||||||||||||||||||||||||||||||||||||||||||||||||||||||||||||||||||||||||||||||||||||||||||||||||||||||||||||||||||||||||||||||||||||||||||||||||||||||||||||||||||||||||||||||||||||||||||||||||||||||||||||||||||||||||||||||||||||||||||||||||||||||||||||||||| |||||||||||||||||||||||||||||||| |||||||||| |||||||| ||||||||||||||||||||||||||||||||||||||||||||||||||||||||||||||||||||||||||||||||||||||||||||||||||||||||||||||||||||||||||||||||||||||||||	1	0.98989898989899	1
S-0596_oECA1271_ssu_pcr_1	S-0596	oECA1271					1	gi|1689836087|gb|MN082258.1|	MN082258	Caenorhabditis sp. 5 GVDU-2019 small subunit ribosomal RNA gene, partial sequence	2590281	Caenorhabditis sp. 5 GVDU-2019	1	739.78	400	0	468	1	496	Plus	353	826	Plus	497	24	AACANAAAAAAGCCCCTCCTCTGGAGGGGCTATTTCAATGAGTTGAATACAAATGATTCTTCGAGGATCCAGGAGAGGGCAAGTCTGGTGCCAGCAGCCGCGGTAATTCCAGCTCTCCTAGTGTAAATCGTCATTGCTGCGGTTAAAAAGCTCGTAGTTGGATCTAGGTCATATGCTGTTGTTCGTTTTTAGCGTTAAANAACGGCTGTGACTTTCTGTTGGTTTTCTACTTCGGTGGTGACCAGCGCGTTTACTTTGAATAAAATTAAAAGTGCTCAAGACAAAGCGTTCGCTTGAATAAGTTGATCATGGGAATAAATGGGAACAGGACTTCGGTTCTTTTTTATTG-TTCTAGGAACTGTAGTAATGTTTAAGAAGGGACAAACTCGGGGGGCATTCGTATCATTNGCCCGAAGAGGTGGAAATTCCGGTGGACCCGCAGTGGGGACCGCCCTAAAGCGAAAGACNTTTGCCAAGAATGTCTTCATTTAATCAA	AACATAAAAAAGCCCCTCCTCTGGAGGGGCTATTTCAATGAGTTGAATACAAATGATTCTTCGAGGATCCAGGAGAGGGCAAGTCTGGTGCCAGCAGCCGCGGTAATTCCAGCTCTCCTAGTGTAAATCGTCATTGCTGCGGTTAAAAAGCTCGTAGTTGGATCTAGGTCATATGCTGTTGTTCGTTTTTAGCGTTAAT-AACGGCTGTGACTTTCTGTTGGTTTTCTACTTCGGTGGTGACCAGCGCGTTTACTTTGAATAAA-TT-AAAGTGCTCAAGAC-AAGCGTTCGCTTGAATA-GTTGATCATGG-AATAA-T-GGAACAGGACTTCGGTTCTTTTT-ATTGGTTCTA-GAACTGTAGTAATGGTTAAGA-GGGACAA-CTC-GGGGGCATTCGTATCATT-GCGCGA-GAGGTG-AAATTC-G-TGGACC-GCAGTGGG-A-CGCCCTAAAGCGAAAG-CATTTGCCAAGAATGTCTTCATT-AATCAA	|||| |||||||||||||||||||||||||||||||||||||||||||||||||||||||||||||||||||||||||||||||||||||||||||||||||||||||||||||||||||||||||||||||||||||||||||||||||||||||||||||||||||||||||||||||||||||||||||||||||  |||||||||||||||||||||||||||||||||||||||||||||||||||||||||||||||| || |||||||||||||| ||||||||||||||||| ||||||||||| ||||| | ||||||||||||||||||||||| |||| ||||| |||||||||||||| |||||| ||||||| ||| |||||||||||||||||| || ||| |||||| |||||| | |||||| |||||||| | |||||||||||||||| | ||||||||||||||||||||| ||||||	1	0.941649899396378	1
S-0558_oECA1271_ssu_pcr_1	S-0558	oECA1271					1	gi|1465312958|gb|MH809976.1|	MH809976	Caenorhabditis sp. t LS-2018 strain JU2818 small subunit ribosomal RNA gene, partial sequence	2306311	Caenorhabditis tribulationis	1	867.199	469	0	492	1	501	Plus	402	897	Plus	502	7	GTGA-TAAAAATATAAAGACTCATCCTTTTGGATGAGTTATTTCAATGAGTTGAATACAAATGATTCTTCGAGTAGCAAGGAGAGGGCAAGTCTGGTGCCAGCAGCCGCGGTAATTCCAGCTCTCCTAGTGTATCTCGTTATTGCTGCGGTTAAAAAGCTCGTAGTTGGATCTAGGTTACGTGCTGCAGTTCGCAATTTGCGTCAACTGTAGTCGTGACTTCTAATTTGCTGGTTTGAGGTTGGGTTCGCCCTTCAACTGCCAGCAGGTTTACCTTGAATAAATCAGAGTGCTCAATACAAGCGTTTGCTTGAATAGCTCATCATGGAATAATGAAATAGGACTTCGGTTCTTTTTGTTGGTTCTAGAACTGATTTAATGGTTAAGAGGGACAAACCGGGGGGCATTCGTATCATTACGCGAGAGGTGGAAATTCGTGGACCGTAGTGAGACCGCCCAACAGCGGAAAGCATTTGCCAAGAANGTCTTTCATTAAATCAAGA	GTGACTAAAAATATAAAGACTCATCCTTTTGGATGAGTTATTTCAATGAGTTGAATACAAATGATTCTTCGAGTAGCAAGGAGAGGGCAAGTCTGGTGCCAGCAGCCGCGGTAATTCCAGCTCTCCTAGTGTATCTCGTTATTGCTGCGGTTAAAAAGCTCGTAGTTGGATCTAGGTTACGTGCTGCAGTTCGCAATTTGCGTCAACTGTAGTCGTGACTTCTAATTTGCTGGTTTGAGGTTGGGTTCGCCCTTCAACTGCCAGCAGGTTTACCTTGAATAAATCAGAGTGCTCAATACAAGCGCTTGCTTGAATAGCTCATCATGGAATAATGAAACAGGACTTCGGTTCTTTTTGTTGGTTCTAGAACTGATTTAATGGTTAAGAGGGACAAACC-GGGGGCATTCGTATCATTACGCGAGAGGT-GAAATTCGTGGACCGTAGTGAGAC-GCCCAACAGC-GAAAGCATTTGCCAAGAATGTCTT-CATTAA-TCAAGA	|||| ||||||||||||||||||||||||||||||||||||||||||||||||||||||||||||||||||||||||||||||||||||||||||||||||||||||||||||||||||||||||||||||||||||||||||||||||||||||||||||||||||||||||||||||||||||||||||||||||||||||||||||||||||||||||||||||||||||||||||||||||||||||||||||||||||||||||||||||||||||||||||||||||||||||||||| |||||||||||||||||||||||||||||||| ||||||||||||||||||||||||||||||||||||||||||||||||||||||||||| ||||||||||||||||||||||||||||| |||||||||||||||||||||||| |||||||||| |||||||||||||||||| ||||| |||||| ||||||	1	0.9800796812749	1
S-0485_oECA1271_ssu_pcr_1	S-0485	oECA1271					1	gi|1689836087|gb|MN082258.1|	MN082258	Caenorhabditis sp. 5 GVDU-2019 small subunit ribosomal RNA gene, partial sequence	2590281	Caenorhabditis sp. 5 GVDU-2019	1	712.08	385	0	458	1	496	Plus	355	830	Plus	497	22	CATAAAAAAGCCCCTCCTCT-GNGGGGCTATTTCAATGAGTTGAATACAAATGATTCTTCGAGGANCCAGGAGAGGGCAAGTCTGGTGCCAGCAGCCGCGGTAATTCCAGCTCTCCTAGTGTAAATCGTCATTGCTGCGGTTAAAAAGCTCGTAGTTGGATCTAGGTCATATGCTGTTGTTCGTTTTTAGCGTTAATAACGGCTGTGACTTTCTGTTGGTTTTCTACTTCGGNGGTGACCAGCGCGTTTACTTTGAATAAAATTAAAGNGGCTCAAGACAAGCGGTNCGCTTGAATAGTTGATCATGGAATAATGGGAACAGGGACTTCGGNtnttttttATTGGTTTCTAAGAACTTGTAGTAATGGNTAAGAAGGGACAACTCGGGGGCATTNCGTAATCATTNNCGCGGAGANAGNGGAAATTCGTGGGACCGCAGTGGGACNNCCCTAAAGCGAAAGNNTTTTGCCAAGAATNGTCTTTCNTTNNTCAAGAAC	CATAAAAAAGCCCCTCCTCTGGAGGGGCTATTTCAATGAGTTGAATACAAATGATTCTTCGAGGATCCAGGAGAGGGCAAGTCTGGTGCCAGCAGCCGCGGTAATTCCAGCTCTCCTAGTGTAAATCGTCATTGCTGCGGTTAAAAAGCTCGTAGTTGGATCTAGGTCATATGCTGTTGTTCGTTTTTAGCGTTAATAACGGCTGTGACTTTCTGTTGGTTTTCTACTTCGGTGGTGACCAGCGCGTTTACTTTGAATAAA-TTAAAGT-GCTCAAGACAAGCGTT-CGCTTGAATAGTTGATCATGGAATAATGG-AACA-GGACTTCGGTTCTTTTT-ATTGGTT-CTA-GAAC-TGTAGTAATGGTTAAG-AGGGACAACTCGGGGGCATT-CGTA-TCATTG-CGCG-AGAG-GTG-AAATTCGT-GGACCGCAGTGGGACG-CCCTAAAGCGAAAGCATTT-GCCAAGAAT-GTC-TTCATTAATCAAGAAC	|||||||||||||||||||| | |||||||||||||||||||||||||||||||||||||||||| |||||||||||||||||||||||||||||||||||||||||||||||||||||||||||||||||||||||||||||||||||||||||||||||||||||||||||||||||||||||||||||||||||||||||||||||||||||||||||||||||||||| |||||||||||||||||||||||||||| ||||||  |||||||||||||| | ||||||||||||||||||||||||||||| |||| ||||||||| | ||||| ||||||| ||| |||| ||||||||||| |||| |||||||||||||||||||| |||| |||||  |||| |||  | | |||||||| |||||||||||||||  ||||||||||||||  ||| ||||||||| ||| ||| ||  ||||||||	1	0.921529175050302	1
S-0482_oECA1271_ssu_pcr_1	S-0482	oECA1271					1	gi|1689836087|gb|MN082258.1|	MN082258	Caenorhabditis sp. 5 GVDU-2019 small subunit ribosomal RNA gene, partial sequence	2590281	Caenorhabditis sp. 5 GVDU-2019	1	815.493	441	0	454	36	495	Plus	368	828	Plus	462	3	CTCCTCTGGA-GNNNTATTTCAATGAGTTGAATACAAATGATTCTTCGAGGATCCAGGAGAGGGCAAGTCTGGTGCCAGCAGCCGCGGTAATTCCAGCTCTCCTAGTGTAAATCGTCATTGCTGCGGTTAAAAAGCTCGTAGTTGGATCTAGGTCATATGCTGTTGTTCGTTTTTAGCGTTAATAACGGCTGTGACTTTCTGTTGGTTTTCTACTTCGGTGGTGACCAGCGCGTTTACTTTGAATAAATTAAAGTGCTCAAGACAAGCGTTCGCTTGAATAGTTGATCATGGAATAATGGAACAGGACTTCGGNTCTTTTTTATTGGTTCTAGAACTGTAGTAATGG-TAAGAGGGACAACTCGGGGGCATTCGTATCATTGCGCGAGAGGTGAAATTCGTGGACCGNAGTGGGACGCCCTAAAGCGAAAGCATTTGCCAAGAATGTCTTCATTAATCAAGA	CTCCTCTGGAGGGGCTATTTCAATGAGTTGAATACAAATGATTCTTCGAGGATCCAGGAGAGGGCAAGTCTGGTGCCAGCAGCCGCGGTAATTCCAGCTCTCCTAGTGTAAATCGTCATTGCTGCGGTTAAAAAGCTCGTAGTTGGATCTAGGTCATATGCTGTTGTTCGTTTTTAGCGTTAATAACGGCTGTGACTTTCTGTTGGTTTTCTACTTCGGTGGTGACCAGCGCGTTTACTTTGAATAAATTAAAGTGCTCAAGACAAGCGTTCGCTTGAATAGTTGATCATGGAATAATGGAACAGGACTTCGGTTC-TTTTTATTGGTTCTAGAACTGTAGTAATGGTTAAGAGGGACAACTCGGGGGCATTCGTATCATTGCGCGAGAGGTGAAATTCGTGGACCGCAGTGGGACGCCCTAAAGCGAAAGCATTTGCCAAGAATGTCTTCATTAATCAAGA	|||||||||| |   |||||||||||||||||||||||||||||||||||||||||||||||||||||||||||||||||||||||||||||||||||||||||||||||||||||||||||||||||||||||||||||||||||||||||||||||||||||||||||||||||||||||||||||||||||||||||||||||||||||||||||||||||||||||||||||||||||||||||||||||||||||||||||||||||||||||||||||||||||||||||||||||||||||||||| || |||||||||||||||||||||||||||||| ||||||||||||||||||||||||||||||||||||||||||||||||||||||||||| ||||||||||||||||||||||||||||||||||||||||||||||||||||||	1	0.982683982683983	1
S-0628_oECA1271_ssu_pcr_1	S-0628	oECA1271					1	gi|1689836087|gb|MN082258.1|	MN082258	Caenorhabditis sp. 5 GVDU-2019 small subunit ribosomal RNA gene, partial sequence	2590281	Caenorhabditis sp. 5 GVDU-2019	1	763.787	413	0	439	5	456	Plus	352	805	Plus	456	6	AAACATAAAAAAGCCCCTCCTCT-NNGGGNNTATTTCAATGAGTTGAATACAAATGATTCTTCGAGGATCCAGGAGAGGGCAAGTCTGGTGCCAGCAGCCGCGGTAATTCCAGCTCTCCTAGTGTAAATCGTCATTGCTGCGGTTAAAAAGCTCGTAGTTGGATCTAGGTCATATGCTGTTGTTCGTTTTTAGCGTTAATAACGGCTGTGACTTTCTGTTGGTTTTCTACTTCGGTGGTGACCAGCGCGTTTACTTTGAATAAATTAAAGTGCTCAAGACAAGCGNTCGCTTGAATAGTTGATCATGGAATAATGGAACAGGACTTCGGTTCNTTTTTATTGGTTCTAGAACTGTAGTAATGG-TAAGAGGGACAACTC-GGGGCATTCGTATCATTNCNCGANNAGGNG-AATTCGNGGACCGCAGTGGGACGCCCTAAAGCGAAAGCATTTNCC	AAACATAAAAAAGCCCCTCCTCTGGAGGGGCTATTTCAATGAGTTGAATACAAATGATTCTTCGAGGATCCAGGAGAGGGCAAGTCTGGTGCCAGCAGCCGCGGTAATTCCAGCTCTCCTAGTGTAAATCGTCATTGCTGCGGTTAAAAAGCTCGTAGTTGGATCTAGGTCATATGCTGTTGTTCGTTTTTAGCGTTAATAACGGCTGTGACTTTCTGTTGGTTTTCTACTTCGGTGGTGACCAGCGCGTTTACTTTGAATAAATTAAAGTGCTCAAGACAAGCGTTCGCTTGAATAGTTGATCATGGAATAATGGAACAGGACTTCGGTTC-TTTTTATTGGTTCTAGAACTGTAGTAATGGTTAAGAGGGACAACTCGGGGGCATTCGTATCATTGCGCGAG-AGGTGAAATTCGTGGACCGCAGTGGGACGCCCTAAAGCGAAAGCATTTGCC	|||||||||||||||||||||||   |||  |||||||||||||||||||||||||||||||||||||||||||||||||||||||||||||||||||||||||||||||||||||||||||||||||||||||||||||||||||||||||||||||||||||||||||||||||||||||||||||||||||||||||||||||||||||||||||||||||||||||||||||||||||||||||||||||||||||||||||||||||||||||||||||| |||||||||||||||||||||||||||||||||||||||||||||| |||||||||||||||||||||||||||||| ||||||||||||||| ||||||||||||||||| | |||  ||| | |||||| ||||||||||||||||||||||||||||||||||| ||	1	0.962719298245614	1
S-0512_oECA1271_ssu_pcr_1	S-0512	oECA1271					1	gi|1604722005|gb|CP038187.1|	CP038187	Caenorhabditis elegans strain CB4856 chromosome I	6239	Caenorhabditis elegans	1	891.205	482	0	485	13	497	Plus	26878	26393	Minus	486	1	AATATAAAGACTCATCCTTTTGGATGAGT-ATTTCAATGAGTTGAATACAAATGATTCTTCGAGTAGCAAGGAGAGGGCAAGTCTGGTGCCAGCAGCCGCGGTAATTCCAGCTCTCCTAGTGTATCTCGTTATTGCTGCGGTTAAAAAGCTCGTAGTTGGATCTAGGTTACGTGCCGCAGTTCGCAATTTGCGTCAACTGTGGTCGTGACTTCTAATTTGCTGGTTTGAGGTTGGGTTCGCCCTTCAACTGCCAGCAGGTTTACCTTGAATAAATCAGAGTGCTCAATACAAGCGCTTGCTTGAATAGCTCATCATGGAATAATGAAACAGGACTTCGGTTCTTTTTGTTGGTTCTAGAACTGATTTAATGGTTAAGAGGGACAAACCGGGGGCATTCGTATCATTACGCGAGAGGTGAAATTCGTGGACCGTAGTGAGACGCCCAACAGCGAAAGCATTTGCCAAGAATGTCTTCATTAATCAAG	AATATAAAGACTCATCCTTTTGGATGAGTTATTTCAATGAGTTGAATACAAATGATTCTTCGAGTAGCAAGGAGAGGGCAAGTCTGGTGCCAGCAGCCGCGGTAATTCCAGCTCTCCTAGTGTATCTCGTTATTGCTGCGGTTAAAAAGCTCGTAGTTGGATCTAGGTTACGTGCCGCAGTTCGCAATTTGCGTCAACTGTGGTCGTGACTTCTAATTTGCTGGTTTGAGGTTGGGTTCGCCCTTCAACTGCCAGCAGGTTTACCTTGAATAAATCAGAGTGCTCAATACAAGCGCTTGCTTGAATAGCTCATCATGGAATAATGAAACAGGACTTCGGTTCTTTTTGTTGGTTCTAGAACTGATTTAATGGTTAAGAGGGACAAACCGGGGGCATTCGTATCATTACGCGAGAGGTGAAATTCGTGGACCGTAGTGAGACGCCCAACAGCGAAAGCATTTGCCAAGAATGTCTTCATTAATCAAG	||||||||||||||||||||||||||||| ||||||||||||||||||||||||||||||||||||||||||||||||||||||||||||||||||||||||||||||||||||||||||||||||||||||||||||||||||||||||||||||||||||||||||||||||||||||||||||||||||||||||||||||||||||||||||||||||||||||||||||||||||||||||||||||||||||||||||||||||||||||||||||||||||||||||||||||||||||||||||||||||||||||||||||||||||||||||||||||||||||||||||||||||||||||||||||||||||||||||||||||||||||||||||||||||||||||||||||||||||||||||||||||||||||||||||||||||||||||||||||||||||||||||	1	0.997942386831276	1
S-0500_oECA1271_ssu_pcr_1	S-0500	oECA1271					1	gi|1689836087|gb|MN082258.1|	MN082258	Caenorhabditis sp. 5 GVDU-2019 small subunit ribosomal RNA gene, partial sequence	2590281	Caenorhabditis sp. 5 GVDU-2019	1	689.921	373	0	444	1	485	Plus	345	828	Plus	490	11	AGTGNCNAAACATAA-NNAG-CCCTCCTCTGGAGGGGCTATTTCAATGAGTTGAATACAAATGANTCTTCGAGGATCCAGGAGAGGGCAAGTCTGGTGCCAGCAGCCGCGNNAATTCCAGCTCTCCTAGTGTAAATCGTCATTGCTGCGGTTAAAAAGCTCGTAGTTGGATCTAGGTCATATGCTGTTGTTCGTTTTTAGCGNTAATAACGGCTGTGACTTTCTGTTGGTTTTCTACTTCGGNGGTGACCAGCGCGNTTACTTTGAATAAANTTAAAGNNCTCAAGACAAGCGTTCGCTTGAATAGTTGATCATGGAATAATGGAACAGGACTTTCGTTTCTTTTTTATTGGTTCTAAGAACTGTAGNAATNGGTAAGAGGGACA-CTCGCGGNNCTCTCTNNTCCTTNNCGCGAGAGGNGAATTTCNTGTACCGCANTGNNNCN-CCTAAAGCGAAAGCATTTGCCAAGAATGTCTNCAT-AATCAAGA	AGTGACTAAACATAAAAAAGCCCCTCCTCTGGAGGGGCTATTTCAATGAGTTGAATACAAATGATTCTTCGAGGATCCAGGAGAGGGCAAGTCTGGTGCCAGCAGCCGCGGTAATTCCAGCTCTCCTAGTGTAAATCGTCATTGCTGCGGTTAAAAAGCTCGTAGTTGGATCTAGGTCATATGCTGTTGTTCGTTTTTAGCGTTAATAACGGCTGTGACTTTCTGTTGGTTTTCTACTTCGGTGGTGACCAGCGCGTTTACTTTGAATAAA-TTAAAGTGCTCAAGACAAGCGTTCGCTTGAATAGTTGATCATGGAATAATGGAACAGGACTT-CGGTTCTTTTT-ATTGGTTCT-AGAACTGTAGTAATGGTTAAGAGGGACAACTCGGGGGCAT-TCGTATCATTG-CGCGAGAGGTGAAATTCGTGGACCGCAGTGGGACGCCCTAAAGCGAAAGCATTTGCCAAGAATGTCTTCATTAATCAAGA	|||| | ||||||||   || ||||||||||||||||||||||||||||||||||||||||||| |||||||||||||||||||||||||||||||||||||||||||||  |||||||||||||||||||||||||||||||||||||||||||||||||||||||||||||||||||||||||||||||||||||||||| ||||||||||||||||||||||||||||||||||||||| ||||||||||||| |||||||||||||| ||||||  |||||||||||||||||||||||||||||||||||||||||||||||||||||| || |||||||| ||||||||| |||||||||| ||| | ||||||||||| |||| ||   | ||   || ||  ||||||||| ||| ||| || |||||| ||   |  ||||||||||||||||||||||||||||||| ||| ||||||||	1	0.906122448979592	1
S-0506_oECA1271_ssu_pcr_1	S-0506	oECA1271					1	gi|1689836087|gb|MN082258.1|	MN082258	Caenorhabditis sp. 5 GVDU-2019 small subunit ribosomal RNA gene, partial sequence	2590281	Caenorhabditis sp. 5 GVDU-2019	1	813.646	440	0	466	7	483	Plus	345	825	Plus	482	6	AGTGA-TAAACATAAAAAAGCCCCTCCTCTGGAGGGGCTATTTCAATGAGTTGAATACAAATGATTCTTCGAGGATCCAGGAGAGGGCAAGTCTGGTGCCAGCAGCCGCGGTAATTCCAGCTCTCCTAGTGTAAATCGTCATTGCTGCGGTTAAAAAGCTCGTAGTTGGATCTAGGTCATATGCTGTTGTTCGTTTTTAGCGTTAATAACGGCTGTGACTTTCTNNTGG-TTTCTACTTCGGNGGTGACCAGCGCGTTTACTTTGAATAAATTAAAGNGCTCAAGACAAGCGTTCGCTTGAATAGTTGATCATGGAATAATGGAACAGGGACTTCGGTNCTTTTTATTGG-TCTAGAACTGTAGTAATGG-TAAGAGGGACAACTCGGGGNCATTCGTATCATTGCGCGAGAGGNGAAATTCGNGGACCGCAGTGGGACGCCCTAAAGCGAAAGCATTTGCCAAG-ATGNCTTCATTATTCA	AGTGACTAAACATAAAAAAGCCCCTCCTCTGGAGGGGCTATTTCAATGAGTTGAATACAAATGATTCTTCGAGGATCCAGGAGAGGGCAAGTCTGGTGCCAGCAGCCGCGGTAATTCCAGCTCTCCTAGTGTAAATCGTCATTGCTGCGGTTAAAAAGCTCGTAGTTGGATCTAGGTCATATGCTGTTGTTCGTTTTTAGCGTTAATAACGGCTGTGACTTTCTGTTGGTTTTCTACTTCGGTGGTGACCAGCGCGTTTACTTTGAATAAATTAAAGTGCTCAAGACAAGCGTTCGCTTGAATAGTTGATCATGGAATAATGGAACA-GGACTTCGGTTCTTTTTATTGGTTCTAGAACTGTAGTAATGGTTAAGAGGGACAACTCGGGGGCATTCGTATCATTGCGCGAGAGGTGAAATTCGTGGACCGCAGTGGGACGCCCTAAAGCGAAAGCATTTGCCAAGAATGTCTTCATTAATCA	||||| ||||||||||||||||||||||||||||||||||||||||||||||||||||||||||||||||||||||||||||||||||||||||||||||||||||||||||||||||||||||||||||||||||||||||||||||||||||||||||||||||||||||||||||||||||||||||||||||||||||||||||||||||||||||||||  ||| |||||||||||| |||||||||||||||||||||||||||||||||| ||||||||||||||||||||||||||||||||||||||||||||||||| |||||||||| ||||||||||| ||||||||||||||||||| ||||||||||||||||||| ||||||||||||||||||||||| |||||||| ||||||||||||||||||||||||||||||||||||||||| ||| |||||||| |||	1	0.966804979253112	1
S-0501_oECA1271_ssu_pcr_1	S-0501	oECA1271					1	gi|1689836087|gb|MN082258.1|	MN082258	Caenorhabditis sp. 5 GVDU-2019 small subunit ribosomal RNA gene, partial sequence	2590281	Caenorhabditis sp. 5 GVDU-2019	1	436.93	236	8.07396e-118	391	13	479	Plus	368	802	Plus	468	34	CTCCTNNGGAGNGGCTATTTCAATGAGTTGAATACAAATGATTCTTCGAGGATCCAGGAGAGGGCAAGTCTGGTGCCAGCAGCCGCGGTAATTCCAGCTCTCCTAGTGTAAATCGTCATTGCTGCGGTTAAAAAGCTCGTAAGTTGGGATCTAGGTCATATGGCTGGTGGTTCGGTTTTTAGCGGTTAATAAANGGCTGGTGACTTTTCTGGTTGGTTTTCTNACTTTCggngggggACCAGNCGCGTTTACTTTGGATAAATTTAAAGTGCTCAAGNACAAAGCGGTCGGNTTGGATNAGTGNTTCATGGAATAAAGGAGAGCAGGGATTCCGGTTCCttttttttGTTCTNAGAAACTCGNAGNAATGGGTAAAGANGGNANANTCCGGGGGCTTTCGTNTCNTTCCCCCGAGAGAGGGGAANTNCNGTGGACCCCCATNGNACCCCCAAAAGCGGNAAAG-ATTT	CTCCTCTGGAGGGGCTATTTCAATGAGTTGAATACAAATGATTCTTCGAGGATCCAGGAGAGGGCAAGTCTGGTGCCAGCAGCCGCGGTAATTCCAGCTCTCCTAGTGTAAATCGTCATTGCTGCGGTTAAAAAGCTCGTA-GTT-GGATCTAGGTCATATG-CTGTTG-TTCG-TTTTTAGCG-TTAATAAC-GGCTG-TGACTTT-CTG-TTGGTTTTCT-ACTT-CGGTGGTG-ACCAG-CGCGTTTACTTTGAATAAA-TTAAAGTGCTCAAG-ACAA-GCGTTCGC-TTGAAT-AGTTGATCATGGAATAATGGA-A-CAGGACTTC-GGTTCTTTTTATTGGTTCT-AGAA-CT-GTAGTAATGGTTAA-GAGGGACAACT-CGGGGGCATTCGTATCATTGCGC-GAGAG-GTGAAATT-C-GTGGACCGCAGTGGGACGCCCTAAAGCG--AAAGCATTT	|||||  |||| ||||||||||||||||||||||||||||||||||||||||||||||||||||||||||||||||||||||||||||||||||||||||||||||||||||||||||||||||||||||||||||||||| ||| |||||||||||||||| ||| || |||| ||||||||| |||||||  ||||| ||||||| ||| |||||||||| |||| ||| || | ||||| ||||||||||||| ||||| |||||||||||||| |||| ||| |||  ||| || |||   ||||||||||| ||| | ||||  ||| ||||| |||| || ||||| |||| || | || ||||| ||| || ||   | | ||||||| ||||| || || | | ||||| | | || | | ||||||| |  | | || ||| ||||||  |||| ||||	1	0.835470085470086	1
S-0513_oECA1271_ssu_pcr_1	S-0513	oECA1271					1	gi|1604722005|gb|CP038187.1|	CP038187	Caenorhabditis elegans strain CB4856 chromosome I	6239	Caenorhabditis elegans	1	889.359	481	0	489	6	500	Plus	26883	26390	Minus	495	1	CTAAANNTATAAAGACTCATCCTTTTGGATGAGNTTATTTCAATGAGTTGAATACAAATGATTCTTCGAGTAGCAAGGAGAGGGCAAGTCTGGTGCCAGCAGCCGCGGTAATTCCAGCTCTCCTAGTGTATCTCGTTATTGCTGCGGTTAAAAAGCTCGTAGTTGGATCTAGGTTACGTGCCGCAGTTCGCAATTTGCGTCAACTGTGGTCGTGACTTCTAATTTGCTGGTTTGAGGTTGGGTTCGCCCTTCAACTGCCAGCAGGTTTACCTTGAATAAATCAGAGTGCTCAATACAAGCGCTTGCTTGAATAGCTCATCATGGAATAATGAAACAGGACTTCGGTTCTTTTTGTTGGTTCTAGAACTGATTTAATGGNTAAGAGGGACAAACCGGGGGCATTCGTATCATTACGCGAGAGGNGAAATTCGTGGACCGTAGTGAGACGCCCAACAGCGAAAGCATTTGCCAAGAATGTCTTCNTTAATCAAGAAC	CTAAAAATATAAAGACTCATCCTTTTGGATGAG-TTATTTCAATGAGTTGAATACAAATGATTCTTCGAGTAGCAAGGAGAGGGCAAGTCTGGTGCCAGCAGCCGCGGTAATTCCAGCTCTCCTAGTGTATCTCGTTATTGCTGCGGTTAAAAAGCTCGTAGTTGGATCTAGGTTACGTGCCGCAGTTCGCAATTTGCGTCAACTGTGGTCGTGACTTCTAATTTGCTGGTTTGAGGTTGGGTTCGCCCTTCAACTGCCAGCAGGTTTACCTTGAATAAATCAGAGTGCTCAATACAAGCGCTTGCTTGAATAGCTCATCATGGAATAATGAAACAGGACTTCGGTTCTTTTTGTTGGTTCTAGAACTGATTTAATGGTTAAGAGGGACAAACCGGGGGCATTCGTATCATTACGCGAGAGGTGAAATTCGTGGACCGTAGTGAGACGCCCAACAGCGAAAGCATTTGCCAAGAATGTCTTCATTAATCAAGAAC	|||||  |||||||||||||||||||||||||| |||||||||||||||||||||||||||||||||||||||||||||||||||||||||||||||||||||||||||||||||||||||||||||||||||||||||||||||||||||||||||||||||||||||||||||||||||||||||||||||||||||||||||||||||||||||||||||||||||||||||||||||||||||||||||||||||||||||||||||||||||||||||||||||||||||||||||||||||||||||||||||||||||||||||||||||||||||||||||||||||||||||||||||||||||||||| ||||||||||||||||||||||||||||||||||||||||||| ||||||||||||||||||||||||||||||||||||||||||||||||||||||||||| ||||||||||||	1	0.987878787878788	1
S-0415_oECA1271_ssu_pcr_1	S-0415	oECA1271					1	gi|1604722005|gb|CP038187.1|	CP038187	Caenorhabditis elegans strain CB4856 chromosome I	6239	Caenorhabditis elegans	1	905.979	490	0	494	1	495	Plus	26887	26392	Minus	496	1	GTGA-TAAAAATATAAAGACTCATCCTTTTGGANGAGTTATTTCAATGAGTTGAATACAAATGATTCTTCGAGTAGCAAGGAGAGGGCAAGTCTGGTGCCAGCAGCCGCGGTAATTCCAGCTCTCCTAGTGTATCTCGTTATTGCTGCGGTTAAAAAGCTCGTAGTTGGATCTAGGTTACGTGCCGCAGTTCGCAATTTGCGTCAACTGTGGTCGTGACTTCTAATTTGCTGGTTTGAGGTTGGGTTCGCCCTTCAACTGCCAGCAGGTTTACCTTGAATAAATCAGAGTGCTCAATACAAGCGCTTGCTTGAATAGCTCATCATGGAATAATGAAACAGGACTTCGGTTCTTTTTGTTGGTTCTAGAACTGATTTAATGGTTAAGAGGGACAAACCGGGGGCATTCGTATCATTACGCGAGAGGTGAAATTCGTGGACCGTAGTGAGACGCCCAACAGCGAAAGCATTTGCCAAGAATGTCTTCATTAATCAAGA	GTGACTAAAAATATAAAGACTCATCCTTTTGGATGAGTTATTTCAATGAGTTGAATACAAATGATTCTTCGAGTAGCAAGGAGAGGGCAAGTCTGGTGCCAGCAGCCGCGGTAATTCCAGCTCTCCTAGTGTATCTCGTTATTGCTGCGGTTAAAAAGCTCGTAGTTGGATCTAGGTTACGTGCCGCAGTTCGCAATTTGCGTCAACTGTGGTCGTGACTTCTAATTTGCTGGTTTGAGGTTGGGTTCGCCCTTCAACTGCCAGCAGGTTTACCTTGAATAAATCAGAGTGCTCAATACAAGCGCTTGCTTGAATAGCTCATCATGGAATAATGAAACAGGACTTCGGTTCTTTTTGTTGGTTCTAGAACTGATTTAATGGTTAAGAGGGACAAACCGGGGGCATTCGTATCATTACGCGAGAGGTGAAATTCGTGGACCGTAGTGAGACGCCCAACAGCGAAAGCATTTGCCAAGAATGTCTTCATTAATCAAGA	|||| |||||||||||||||||||||||||||| ||||||||||||||||||||||||||||||||||||||||||||||||||||||||||||||||||||||||||||||||||||||||||||||||||||||||||||||||||||||||||||||||||||||||||||||||||||||||||||||||||||||||||||||||||||||||||||||||||||||||||||||||||||||||||||||||||||||||||||||||||||||||||||||||||||||||||||||||||||||||||||||||||||||||||||||||||||||||||||||||||||||||||||||||||||||||||||||||||||||||||||||||||||||||||||||||||||||||||||||||||||||||||||||||||||||||||||||||||||||||||||||||||||||||||||||	1	0.995967741935484	1
S-0530_oECA1271_ssu_pcr_1	S-0530	oECA1271					1	gi|1689836087|gb|MN082258.1|	MN082258	Caenorhabditis sp. 5 GVDU-2019 small subunit ribosomal RNA gene, partial sequence	2590281	Caenorhabditis sp. 5 GVDU-2019	1	800.72	433	0	473	1	491	Plus	352	828	Plus	491	14	AAACATAAAAAAGCCCCTCCTCTGGAGGGGCTATTTCAATGAGTTGAATACAAATGATTCTTCGAGGANCCAGGAGAGGGCAAGTCTGGTGCCAGCAGCCGCGGTAATTCCAGCTCTCCTAGTGTAAATCGTCATTGCTGCGGTTAAAAAGCTCGTAGTTGGATCTAGGTCATATGCTGTTGTTCGTTTTTAGCGTTAATAACGGCTGTGACTTTCTGTTGGTTTTCTACTTCGGTGGTGACCAGCGCGTTTACTTTGAATAAAATTAAAAGTGCTCAAGACAAGCGTTCGCTTGGAATAGTTGATCATGGGAATAATGGGAACAGGACTTCGGNTTNTTTTTATTGGTTCTAGAACTGTAGTAATGGGTAAGAGGGACAACTCCGGGGGCATTCGTATCATTGCCGCGAGAGGTGGAAATTTCGTGGGACCGCAGTGGGGACCGCCCTAAAGCGGAAAGCATTTGCCAAGAANGTCTTCATTAATCAAGA	AAACATAAAAAAGCCCCTCCTCTGGAGGGGCTATTTCAATGAGTTGAATACAAATGATTCTTCGAGGATCCAGGAGAGGGCAAGTCTGGTGCCAGCAGCCGCGGTAATTCCAGCTCTCCTAGTGTAAATCGTCATTGCTGCGGTTAAAAAGCTCGTAGTTGGATCTAGGTCATATGCTGTTGTTCGTTTTTAGCGTTAATAACGGCTGTGACTTTCTGTTGGTTTTCTACTTCGGTGGTGACCAGCGCGTTTACTTTGAATAAA-TT-AAAGTGCTCAAGACAAGCGTTCGCTT-GAATAGTTGATCATGG-AATAAT-GGAACAGGACTTCGG-TTCTTTTTATTGGTTCTAGAACTGTAGTAATGGTTAAGAGGGACAACT-CGGGGGCATTCGTATCATTGC-GCGAGAGGTG-AAATT-CGTGG-ACCGCAGTGGG-AC-GCCCTAAAGC-GAAAGCATTTGCCAAGAATGTCTTCATTAATCAAGA	|||||||||||||||||||||||||||||||||||||||||||||||||||||||||||||||||||| ||||||||||||||||||||||||||||||||||||||||||||||||||||||||||||||||||||||||||||||||||||||||||||||||||||||||||||||||||||||||||||||||||||||||||||||||||||||||||||||||||||||||||||||||||||||||||||||||||| || |||||||||||||||||||||||||| |||||||||||||||| |||||| ||||||||||||||| || |||||||||||||||||||||||||||||| |||||||||||||| ||||||||||||||||||||| |||||||||| ||||| ||||| ||||||||||| || |||||||||| |||||||||||||||||| |||||||||||||||||	1	0.963340122199593	1
S-0511_oECA1271_ssu_pcr_1	S-0511	oECA1271					1	gi|1689836084|gb|MN082255.1|	MN082255	Caenorhabditis sp. 2 TWN2542 small subunit ribosomal RNA gene, partial sequence	2590278	Caenorhabditis sp. 2 TWN2542	1	610.515	330	4.49546e-170	389	1	400	Plus	353	771	Plus	419	19	TAAAAANATAAAGACTCATCCTTTTGGATGANNNATTTCAATGNGTTGAATACAAATGATTCTTCGAGTAGCAAGGAGAGGGCAAGTCTGGTGCCAGCAGCCGCGGTAATTCCAGCTCTCCTAGTGTATCTCGTTATTGCTGCGGTTAAAAAGCTCGTAGTTGGATCTAGGTTACGTGCCGCAGTTCGCAATTTGCGTCAACTGTGGTCGTGACTTCTAATTTGCTGGTTTGAGGT-GGG-TCGCCCTTCAACTGCCAGCAGGTTTACCTTGAANAAATCAGAGTGCTCAATACAAGCGCTTG-TTGAATAGCTCATCATGGAN-AATGAAACAGGA-TTCGGT-CTTTT-GT-GGT-CTAGAACTG-TTTA-TGNT-AAGAGGN-CAA-CCGNG--C-TTC-TATC-TTACNCGAGAG	TAAAAATATAAAGACTCATCCTTTTGGATGAGTTATTTCAATGAGTTGAATACAAATGATTCTTCGAGTAGCAAGGAGAGGGCAAGTCTGGTGCCAGCAGCCGCGGTAATTCCAGCTCTCCTAGTGTATCTCGTTATTGCTGCGGTTAAAAAGCTCGTAGTTGGATCTAGGTTACGTGCCGCAGTTCGCAATTTGCGTCAACTGTGGTCGTGACTTCTAATTTGCTGGTTTGAGGTTGGGTTCGCCCTTCAACTGCCAGCAGGTTTACCTTGAATAAATCAGAGTGCTCAATACAAGCGCTTGCTTGAATAGCTCATCATGGAATAATGAAACAGGACTTCGGTTCTTTTTGTTGGTTCTAGAACTGATTTAATGGTTAAGAGGGACAAACCGGGGGCATTCGTATCATTACGCGAGAG	|||||| ||||||||||||||||||||||||   ||||||||| |||||||||||||||||||||||||||||||||||||||||||||||||||||||||||||||||||||||||||||||||||||||||||||||||||||||||||||||||||||||||||||||||||||||||||||||||||||||||||||||||||||||||||||||||||||||||||||||| ||| ||||||||||||||||||||||||||||||||| |||||||||||||||||||||||||||| |||||||||||||||||||  |||||||||||| |||||| ||||| || ||| ||||||||| |||| || | ||||||  ||| ||| |  | ||| |||| |||| ||||||	1	0.928400954653938	1
S-0499_oECA1271_ssu_pcr_1	S-0499	oECA1271					1	gi|1689836089|gb|MN082260.1|	MN082260	Caenorhabditis sp. 7 GVDU-2019 small subunit ribosomal RNA gene, partial sequence	2590283	Caenorhabditis sp. 7 GVDU-2019	1	571.735	309	2.12134e-158	359	3	387	Plus	346	734	Plus	391	8	AGTGNCTAAACATAAAAAAGC-NCTCCTCTGGA-GNGCTATTTCAATGAGTTGAATACAAATGATTCTTCGAGGATCCAGGAGAGGGCAAGTCTGGTGCCAGCAGCCGCGN-AATTCCAGCTCTCCTAGTGTAAATCGTCATTGCTGCGGTTAAAAAGCTCGTAGTTGGATCTAGGTCATATGCTGNTGTTCGTTTTTAGCGTTAATAACGGCTGNGACTTTCTGTTGGTTT-CTACTTTCGNGGNGACCAGCGCGTTTACTTTGAATAAATTAAAGTGCTCAAGACAAGCGTTCGCTTGAANAGTTGATCATGGAATAAN-GAACAGGACTTCGGTNCTTTTTTATTGAT-CTAAGAATNGNAGNATNGNCTAAGAGGNACAACTCGNGG	AGTGACTAAACATAAAAAAGCCCCTCCTCTGGAGGGGCTATTTCAATGAGTTGAATACAAATGATTCTTCGAGGATCCAGGAGAGGGCAAGTCTGGTGCCAGCAGCCGCGGTAATTCCAGCTCTCCTAGTGTAAATCGTCATTGCTGCGGTTAAAAAGCTCGTAGTTGGATCTAGGTCATATGCTGTTGTTCGTTTTTAGCGTTAATAACGGCTGTGACTTTCTGTTGGTTTTCTACTTCGGTGGTGACCAGCGCGTTTACTTTGAATAAATTAAAGTGCTCAAGACAAGCGTTCGCTTGAATAGTTGATCATGGAATAATGGAACAGGACTTCGGTTCTTTTT-ATTGGTTCTA-GAACTGTAGTAATGGTTAAGAGGGACAACTCGGGG	|||| ||||||||||||||||  |||||||||| | ||||||||||||||||||||||||||||||||||||||||||||||||||||||||||||||||||||||||||  |||||||||||||||||||||||||||||||||||||||||||||||||||||||||||||||||||||||||| |||||||||||||||||||||||||||| |||||||||||||||| ||||||  | || |||||||||||||||||||||||||||||||||||||||||||||||||||||||| |||||||||||||||||  ||||||||||||||| |||||| |||| | ||| |||  | || |  |  ||||||| |||||||| ||	1	0.918158567774936	1
S-0567_oECA1271_ssu_pcr_1	S-0567	oECA1271					1	gi|1465312958|gb|MH809976.1|	MH809976	Caenorhabditis sp. t LS-2018 strain JU2818 small subunit ribosomal RNA gene, partial sequence	2306311	Caenorhabditis tribulationis	1	876.432	474	0	480	1	484	Plus	412	895	Plus	484	0	ATATAAAGACTCATCCTTTTGGATGAGTTATTTCAATGAGTTGAATACAAATGATTCTTCGAGTAGCAAGGAGAGGGCAAGTCTGGTGCCAGCAGCCGCGGTAATTCCAGCTCTCCTAGTGTATCTCGTTATTGCTGCGGTTAAAAAGCTCGTAGTTGGATCTAGGTTACGTGCTGCAGTTCGCAATTTGCGTCAACTGTAGTCGTGACTTCTAATTTGCTGGTTTGAGGTTGGGTTCGCCCTTCAACTGCCAGCAGGTTTACCTTGAATAAATCAGAGTGCTCAATACAAGCGTTTGCTTGAATAGCTCATCATGGAATAATGAAATAGGACTTCGGNTCTTTTTGNTGGTTCTAGAACTGATTTAATGGTTAAGAGGGACAAACCGGGGGCATTCGTATCATTACGCGAGAGGTGAAATTCGTGGACCGTAGTGAGACGCCCAACAGCGAAAGCATTTGCCAAGAATGTCTTCATTAATCAA	ATATAAAGACTCATCCTTTTGGATGAGTTATTTCAATGAGTTGAATACAAATGATTCTTCGAGTAGCAAGGAGAGGGCAAGTCTGGTGCCAGCAGCCGCGGTAATTCCAGCTCTCCTAGTGTATCTCGTTATTGCTGCGGTTAAAAAGCTCGTAGTTGGATCTAGGTTACGTGCTGCAGTTCGCAATTTGCGTCAACTGTAGTCGTGACTTCTAATTTGCTGGTTTGAGGTTGGGTTCGCCCTTCAACTGCCAGCAGGTTTACCTTGAATAAATCAGAGTGCTCAATACAAGCGCTTGCTTGAATAGCTCATCATGGAATAATGAAACAGGACTTCGGTTCTTTTTGTTGGTTCTAGAACTGATTTAATGGTTAAGAGGGACAAACCGGGGGCATTCGTATCATTACGCGAGAGGTGAAATTCGTGGACCGTAGTGAGACGCCCAACAGCGAAAGCATTTGCCAAGAATGTCTTCATTAATCAA	|||||||||||||||||||||||||||||||||||||||||||||||||||||||||||||||||||||||||||||||||||||||||||||||||||||||||||||||||||||||||||||||||||||||||||||||||||||||||||||||||||||||||||||||||||||||||||||||||||||||||||||||||||||||||||||||||||||||||||||||||||||||||||||||||||||||||||||||||||||||||||||||||||||| |||||||||||||||||||||||||||||||| |||||||||| |||||||| ||||||||||||||||||||||||||||||||||||||||||||||||||||||||||||||||||||||||||||||||||||||||||||||||||||||||||||||||||||||||||||||||||||||||	1	0.991735537190083	1
S-0517_oECA1271_ssu_pcr_1	S-0517	oECA1271					1	gi|1689836087|gb|MN082258.1|	MN082258	Caenorhabditis sp. 5 GVDU-2019 small subunit ribosomal RNA gene, partial sequence	2590281	Caenorhabditis sp. 5 GVDU-2019	1	806.26	436	0	458	11	476	Plus	355	825	Plus	471	5	CATAACAAAGCCCCTCCTCTGGAGGGGCTATTTCAATGAGTTGAATACAAATGATTCTTCGAGGATCCAGGAGAGGGCAAGTCTGGTGCCAGCAGCCGCGGTAATTCCAGCTCTCCTAGTGTAAATCGTCATTGCTGCGGTTAAAAAGCTCGTAGTTGGATCTAGGTCATATGCTGTTGTTCGTTTTTAGCGNTAATAACGGCTGTGACTTTCTNNTGG-TTTCTACTTCGGTGGTGACCAGCGCGTTTACTTTGAATAAATTAAAGNGCTCAAGACAAGCGTTCGCTTGAATAGTTGATCATGGANTAATGGAACAGGACTTCGGTTCTTTTTATTGG-TCTAGAACTGTAGTAATGGTTAAGAGGGACAACTCGGGGGCATTCGTATCATTGCGCGAGAGGNG-AATTCGTGGACCGCAGTGGGACG-CCTAAAGCGAAAGCATTTGCCAAG-ATGNCTTCATTAATCA	CATAAAAAAGCCCCTCCTCTGGAGGGGCTATTTCAATGAGTTGAATACAAATGATTCTTCGAGGATCCAGGAGAGGGCAAGTCTGGTGCCAGCAGCCGCGGTAATTCCAGCTCTCCTAGTGTAAATCGTCATTGCTGCGGTTAAAAAGCTCGTAGTTGGATCTAGGTCATATGCTGTTGTTCGTTTTTAGCGTTAATAACGGCTGTGACTTTCTGTTGGTTTTCTACTTCGGTGGTGACCAGCGCGTTTACTTTGAATAAATTAAAGTGCTCAAGACAAGCGTTCGCTTGAATAGTTGATCATGGAATAATGGAACAGGACTTCGGTTCTTTTTATTGGTTCTAGAACTGTAGTAATGGTTAAGAGGGACAACTCGGGGGCATTCGTATCATTGCGCGAGAGGTGAAATTCGTGGACCGCAGTGGGACGCCCTAAAGCGAAAGCATTTGCCAAGAATGTCTTCATTAATCA	||||| |||||||||||||||||||||||||||||||||||||||||||||||||||||||||||||||||||||||||||||||||||||||||||||||||||||||||||||||||||||||||||||||||||||||||||||||||||||||||||||||||||||||||||||||||||||||||| |||||||||||||||||||||  ||| ||||||||||||||||||||||||||||||||||||||||||||||| |||||||||||||||||||||||||||||||||||||| |||||||||||||||||||||||||||||||| ||||||||||||||||||||||||||||||||||||||||||||||||||||||||||||||| | ||||||||||||||||||||||| |||||||||||||||||||||||| ||| ||||||||||||	1	0.9723991507431	1
S-0505_oECA1271_ssu_pcr_1	S-0505	oECA1271					1	gi|1689836087|gb|MN082258.1|	MN082258	Caenorhabditis sp. 5 GVDU-2019 small subunit ribosomal RNA gene, partial sequence	2590281	Caenorhabditis sp. 5 GVDU-2019	1	725.007	392	0	462	7	500	Plus	353	827	Plus	495	21	AACATAAAAAAGccccnncTCTGGNGGGGCTATTTCAATGAGTTGAATACAAATGATTCTTCGAGGATCCAGGAGAGGGCAAGTCTGGTGCCAGCAGCCGCGGTAATTCCAGCTCTCCTAGTGTAAATCGTCATTGCTGCGGTTAAAAAGCTCGTAGTTGGATCTAGGTCATATGCTGTTGTTCGTTTTTAGCGTTAAATAACGGCTGTGACTTTCTGTTGGTTTTCTACTTCGGTGGGGGACCAGCGNCGTTTNCTTTGAATAAAATTAAAAGTGCTCAAGACAAAGCGGTTCGCTTGGAATAGTTGATCATGGGAATAATGGGAACAGGACTCCGGTTCTTTTTTATTGGTTCTAGAACTGTAGTAATGGGTTAAGAGGGACAACTCGGGGGCATCCGTATCCATCGCGNNGAGAGGTGGAAATTCCGTGGACCGCAGTGGGGACGCCCTAAAGCGGAAAGNNTTTGC-AAGATTGTTCTTCCATTAATCAAG	AACATAAAAAAGCCCCTCCTCTGGAGGGGCTATTTCAATGAGTTGAATACAAATGATTCTTCGAGGATCCAGGAGAGGGCAAGTCTGGTGCCAGCAGCCGCGGTAATTCCAGCTCTCCTAGTGTAAATCGTCATTGCTGCGGTTAAAAAGCTCGTAGTTGGATCTAGGTCATATGCTGTTGTTCGTTTTTAGCGTT-AATAACGGCTGTGACTTTCTGTTGGTTTTCTACTTCGGTGGTG-ACCAGCG-CGTTTACTTTGAATAAA-TT-AAAGTGCTCAAGACAA-GCG-TTCGCTT-GAATAGTTGATCATGG-AATAAT-GGAACAGGACTTCGGTTC-TTTTTATTGGTTCTAGAACTGTAGTAAT-GGTTAAGAGGGACAACTCGGGGGCATTCGTATC-ATTGCGC-GAGAGGTG-AAATT-CGTGGACCGCAGT-GGGACGCCCTAAAGCG-AAAGCATTTGCCAAGAATGT-CTTC-ATTAATCAAG	||||||||||||||||  |||||| ||||||||||||||||||||||||||||||||||||||||||||||||||||||||||||||||||||||||||||||||||||||||||||||||||||||||||||||||||||||||||||||||||||||||||||||||||||||||||||||||||||||||||| ||||||||||||||||||||||||||||||||||||||||| | ||||||| ||||| ||||||||||| || |||||||||||||||| ||| ||||||| |||||||||||||||| |||||| ||||||||||| |||||| |||||||||||||||||||||||||||| |||||||||||||||||||||||||| |||||| || |||  |||||||| ||||| ||||||||||||| |||||||||||||||| ||||  ||||| |||| ||| |||| ||||||||||	1	0.933333333333333	1
S-0599_oECA1271_ssu_pcr_1	S-0599	oECA1271					1	gi|1689836087|gb|MN082258.1|	MN082258	Caenorhabditis sp. 5 GVDU-2019 small subunit ribosomal RNA gene, partial sequence	2590281	Caenorhabditis sp. 5 GVDU-2019	1	852.426	461	0	465	3	471	Plus	361	829	Plus	469	0	AAAGNCCCNCCTNNGGAGGGGCTATTTCAATGAGTTGAATACAAATGATTCTTCGAGGATCCAGGAGAGGGCAAGTCTGGTGCCAGCAGCCGCGGTAATTCCAGCTCTCCTAGTGTAAATCGTCATTGCTGCGGTTAAAAAGCTCGTAGTTGGATCTAGGTCATATGCTGTTGTTCGTTTTTAGCGTTAATAACGGCTGTGACTTTCTGTTGGTTTTCTACTTCGGTGGTGACCAGCGCGTTTACTTTGAATAAATTAAAGTGCTCAAGACAAGCGTTCGCTTGAATAGTTGATCATGGAATAATGGAACAGGACTTCGGTTCTTTTTATTGGTTCTAGAACTGTAGTAATGGTTAAGAGGGACAACTCGGGGGCATTCGTATCATTGCGCGAGAGGTGAAATTCGTGGACCGCAGTGGGACGCCCTAAAGCGAAAGCATTTGCCAAGAATGTCTTCATTAATCAAGAA	AAAGCCCCTCCTCTGGAGGGGCTATTTCAATGAGTTGAATACAAATGATTCTTCGAGGATCCAGGAGAGGGCAAGTCTGGTGCCAGCAGCCGCGGTAATTCCAGCTCTCCTAGTGTAAATCGTCATTGCTGCGGTTAAAAAGCTCGTAGTTGGATCTAGGTCATATGCTGTTGTTCGTTTTTAGCGTTAATAACGGCTGTGACTTTCTGTTGGTTTTCTACTTCGGTGGTGACCAGCGCGTTTACTTTGAATAAATTAAAGTGCTCAAGACAAGCGTTCGCTTGAATAGTTGATCATGGAATAATGGAACAGGACTTCGGTTCTTTTTATTGGTTCTAGAACTGTAGTAATGGTTAAGAGGGACAACTCGGGGGCATTCGTATCATTGCGCGAGAGGTGAAATTCGTGGACCGCAGTGGGACGCCCTAAAGCGAAAGCATTTGCCAAGAATGTCTTCATTAATCAAGAA	|||| ||| |||  |||||||||||||||||||||||||||||||||||||||||||||||||||||||||||||||||||||||||||||||||||||||||||||||||||||||||||||||||||||||||||||||||||||||||||||||||||||||||||||||||||||||||||||||||||||||||||||||||||||||||||||||||||||||||||||||||||||||||||||||||||||||||||||||||||||||||||||||||||||||||||||||||||||||||||||||||||||||||||||||||||||||||||||||||||||||||||||||||||||||||||||||||||||||||||||||||||||||||||||||||||||||||||||||||||||||||||||||||||||||||||||||||||||||	1	0.991471215351812	1
S-0566_oECA1271_ssu_pcr_1	S-0566	oECA1271					1	gi|1465312958|gb|MH809976.1|	MH809976	Caenorhabditis sp. t LS-2018 strain JU2818 small subunit ribosomal RNA gene, partial sequence	2306311	Caenorhabditis tribulationis	1	857.966	464	0	482	1	490	Plus	402	894	Plus	493	3	GTGA-TANAAATATAAAGACTCATCCTTTTGGATGAGTTATTTCAATGAGTTGAATACAAATGATTCTTCGAGTAGCAAGGAGAGGGCAAGTCTGGTGCCAGCAGCCGCGGTAATTCCAGCTCTCCTAGTGTATCTCGTTATTGCTGCGGTTAAAAAGCTCGTAGTTGGATCTAGGTTACNTGCTGCAGTTCGCAATTTGCGTCAACTGTAGTCGTGACTTCTAATTTGCTGGTTTGAGGTTGGGTTCGCCCTTCAACTGCCAGCAGGTTTACCTTGAATAAATCAGAGTGCTCAATACAAGCGTTTGCTTGAATAGCTCATCATGGAATAATGAAATAGGACTTCGGNTCTTTTTGTTGGNTCTAGAACTGA-TTAATGNTTAAGAGGGACAAACCGGGGGCATTCGTATCATTACGCGAGAGGTGAAATTCGTGGACCGNAGTGAGACGCCCAACAGCGAAAGCA-TTGCCAAGAATGTCTTCATTAATCA	GTGACTAAAAATATAAAGACTCATCCTTTTGGATGAGTTATTTCAATGAGTTGAATACAAATGATTCTTCGAGTAGCAAGGAGAGGGCAAGTCTGGTGCCAGCAGCCGCGGTAATTCCAGCTCTCCTAGTGTATCTCGTTATTGCTGCGGTTAAAAAGCTCGTAGTTGGATCTAGGTTACGTGCTGCAGTTCGCAATTTGCGTCAACTGTAGTCGTGACTTCTAATTTGCTGGTTTGAGGTTGGGTTCGCCCTTCAACTGCCAGCAGGTTTACCTTGAATAAATCAGAGTGCTCAATACAAGCGCTTGCTTGAATAGCTCATCATGGAATAATGAAACAGGACTTCGGTTCTTTTTGTTGGTTCTAGAACTGATTTAATGGTTAAGAGGGACAAACCGGGGGCATTCGTATCATTACGCGAGAGGTGAAATTCGTGGACCGTAGTGAGACGCCCAACAGCGAAAGCATTTGCCAAGAATGTCTTCATTAATCA	|||| || |||||||||||||||||||||||||||||||||||||||||||||||||||||||||||||||||||||||||||||||||||||||||||||||||||||||||||||||||||||||||||||||||||||||||||||||||||||||||||||||||||||||||||| ||||||||||||||||||||||||||||||||||||||||||||||||||||||||||||||||||||||||||||||||||||||||||||||||||||||||||||||||||||||||||| |||||||||||||||||||||||||||||||| |||||||||| |||||||||||| ||||||||||| |||||| |||||||||||||||||||||||||||||||||||||||||||||||||||||||||||| ||||||||||||||||||||||||| |||||||||||||||||||||||||	1	0.977687626774848	1
S-0616_oECA1271_ssu_pcr_1	S-0616	oECA1271					1	gi|1689836087|gb|MN082258.1|	MN082258	Caenorhabditis sp. 5 GVDU-2019 small subunit ribosomal RNA gene, partial sequence	2590281	Caenorhabditis sp. 5 GVDU-2019	1	785.946	425	0	456	9	475	Plus	354	826	Plus	474	8	ACATAANAAAGCCCCTCCTCTGGAGGGGCTATTCCAATGAGTTGAATACAAATGATTCTTCGAGGANCCAGGAGAGGGCAAGTCTGGTGCCAGCAGCCGCGGTAATTCCAGCTCTCCTAGTGTAAATCGTCATTGCTGCGGTTAAAAAGCTCGTAGTTGGATCTAGGTCATATGCTGTTGTTCGTTTTTAGCGNTAATAACGGCTGTGACTTTCTGNTGG-TTTCTACTTCGGTGGTGACCAGCGCGTTTACTTTAGAATAAATTAAAGTGCTCAAGACAAGCGNTCGCTTGAATAGTTGATCATGGAATAATGGAACAGGACTTCGGTNCTTTTTATTGGTTCTAGAACTGNAGTAATGG-TAAGAGGGACAACTCGGGGGCATTCGTATCATTGCGCGAGAGGNG-AATTCGTGGACCGCAGTGGGACGCC-T-AAGCGAAAGCATTTGCCAAGA-TGNCTTCAT-AATCAA	ACATAAAAAAGCCCCTCCTCTGGAGGGGCTATTTCAATGAGTTGAATACAAATGATTCTTCGAGGATCCAGGAGAGGGCAAGTCTGGTGCCAGCAGCCGCGGTAATTCCAGCTCTCCTAGTGTAAATCGTCATTGCTGCGGTTAAAAAGCTCGTAGTTGGATCTAGGTCATATGCTGTTGTTCGTTTTTAGCGTTAATAACGGCTGTGACTTTCTGTTGGTTTTCTACTTCGGTGGTGACCAGCGCGTTTACTTT-GAATAAATTAAAGTGCTCAAGACAAGCGTTCGCTTGAATAGTTGATCATGGAATAATGGAACAGGACTTCGGTTCTTTTTATTGGTTCTAGAACTGTAGTAATGGTTAAGAGGGACAACTCGGGGGCATTCGTATCATTGCGCGAGAGGTGAAATTCGTGGACCGCAGTGGGACGCCCTAAAGCGAAAGCATTTGCCAAGAATGTCTTCATTAATCAA	|||||| |||||||||||||||||||||||||| |||||||||||||||||||||||||||||||| |||||||||||||||||||||||||||||||||||||||||||||||||||||||||||||||||||||||||||||||||||||||||||||||||||||||||||||||||||||||||||||| |||||||||||||||||||||| ||| |||||||||||||||||||||||||||||||||| |||||||||||||||||||||||||||| |||||||||||||||||||||||||||||||||||||||||||| |||||||||||||||||||||| |||||||| ||||||||||||||||||||||||||||||||||||||||||| | ||||||||||||||||||||||||| | ||||||||||||||||||||| || |||||| ||||||	1	0.962025316455696	1
S-0632_oECA1271_ssu_pcr_1	S-0632	oECA1271					1	gi|1689836087|gb|MN082258.1|	MN082258	Caenorhabditis sp. 5 GVDU-2019 small subunit ribosomal RNA gene, partial sequence	2590281	Caenorhabditis sp. 5 GVDU-2019	1	859.812	465	0	472	6	481	Plus	352	825	Plus	476	2	AAACATAAAAAAGCCCCTCCTCTGGAGGGGCTATTTCAATGAGTTGAATACAAATGATTCTTCGAGGATCCAGGAGAGGGCAAGTCTGGTGCCAGCAGCCGCGGTAATTCCAGCTCTCCTAGTGTAAATCGTCATTGCTGCGGTTAAAAAGCTCGTAGTTGGATCTAGGTCATATGCTGTTGTTCGTTTTTAGCGTTAATNAACGGCTGTGACTTTCTGTTGGTTTTCTACTTCGGTGGTGACCAGCGCGTTTACTTTGAATAAATTAAAGTGCTCAAGACAAGCGTTCGCTTGAATAGTTGATCATGGAATAATGGAACAGGACTTCGGTTCTTTTTATTGGTTCTAGAACTGTAGTAATGGTTAAGAGGGACAACTCGGGGGCATTCGTATCATTGCGCGNAGAGGNGAAATTCGTGGACCGCAGTGGGACGCCCTAAAGCGAAAGCATTTGCCAAGANTGTCTTCATTAATCA	AAACATAAAAAAGCCCCTCCTCTGGAGGGGCTATTTCAATGAGTTGAATACAAATGATTCTTCGAGGATCCAGGAGAGGGCAAGTCTGGTGCCAGCAGCCGCGGTAATTCCAGCTCTCCTAGTGTAAATCGTCATTGCTGCGGTTAAAAAGCTCGTAGTTGGATCTAGGTCATATGCTGTTGTTCGTTTTTAGCGTTAAT-AACGGCTGTGACTTTCTGTTGGTTTTCTACTTCGGTGGTGACCAGCGCGTTTACTTTGAATAAATTAAAGTGCTCAAGACAAGCGTTCGCTTGAATAGTTGATCATGGAATAATGGAACAGGACTTCGGTTCTTTTTATTGGTTCTAGAACTGTAGTAATGGTTAAGAGGGACAACTCGGGGGCATTCGTATCATTGCGCG-AGAGGTGAAATTCGTGGACCGCAGTGGGACGCCCTAAAGCGAAAGCATTTGCCAAGAATGTCTTCATTAATCA	|||||||||||||||||||||||||||||||||||||||||||||||||||||||||||||||||||||||||||||||||||||||||||||||||||||||||||||||||||||||||||||||||||||||||||||||||||||||||||||||||||||||||||||||||||||||||||||||||||||||| ||||||||||||||||||||||||||||||||||||||||||||||||||||||||||||||||||||||||||||||||||||||||||||||||||||||||||||||||||||||||||||||||||||||||||||||||||||||||||||||||||||||||||||||||||||||||||||||||||||||||| ||||| ||||||||||||||||||||||||||||||||||||||||||||||||||| |||||||||||||||	1	0.991596638655462	1
S-0627_oECA1271_ssu_pcr_1	S-0627	oECA1271					1	gi|1689836087|gb|MN082258.1|	MN082258	Caenorhabditis sp. 5 GVDU-2019 small subunit ribosomal RNA gene, partial sequence	2590281	Caenorhabditis sp. 5 GVDU-2019	1	863.506	467	0	472	13	489	Plus	352	828	Plus	477	0	AAACATAAAAAAGCCCCTCCTCTGGAGGGGCTATTTCAATGAGTTGAATACAAATGATTCTTCGAGGATCCAGGAGAGGGCAAGTCTGGTGCCAGCAGCCGCGGTAATTCCAGCTCTCCTAGTGTAAATCGTCATTGCTGCGGTTAAAAAGCTCGTAGTTGGATCTAGGTCATATGCTGTTGTTCGTTTTTAGCGTTAATAACGGCTGTGACTTTCTGTTGGTTTTCTACTTCGGTGGTGACCAGCGCGTTTACTTTGAATAAATTAAAGTGCTCAAGACAAGCGTTCGCTTGAATAGTTGATCATGGAATAATGGAACAGGACTTCGGTTCTTTTTATTGGTTCTAGAACTGTAGTAATGGTTAAGAGGGACNACTCGGGGGCATTCGTATCATTGCGCGAGAGGTGAAATTCGTGGACCGCAGTGGGACGCCCTAAAGCGAAAGCATTTGCCAAGAATGNCTTCATNANTCNAGA	AAACATAAAAAAGCCCCTCCTCTGGAGGGGCTATTTCAATGAGTTGAATACAAATGATTCTTCGAGGATCCAGGAGAGGGCAAGTCTGGTGCCAGCAGCCGCGGTAATTCCAGCTCTCCTAGTGTAAATCGTCATTGCTGCGGTTAAAAAGCTCGTAGTTGGATCTAGGTCATATGCTGTTGTTCGTTTTTAGCGTTAATAACGGCTGTGACTTTCTGTTGGTTTTCTACTTCGGTGGTGACCAGCGCGTTTACTTTGAATAAATTAAAGTGCTCAAGACAAGCGTTCGCTTGAATAGTTGATCATGGAATAATGGAACAGGACTTCGGTTCTTTTTATTGGTTCTAGAACTGTAGTAATGGTTAAGAGGGACAACTCGGGGGCATTCGTATCATTGCGCGAGAGGTGAAATTCGTGGACCGCAGTGGGACGCCCTAAAGCGAAAGCATTTGCCAAGAATGTCTTCATTAATCAAGA	||||||||||||||||||||||||||||||||||||||||||||||||||||||||||||||||||||||||||||||||||||||||||||||||||||||||||||||||||||||||||||||||||||||||||||||||||||||||||||||||||||||||||||||||||||||||||||||||||||||||||||||||||||||||||||||||||||||||||||||||||||||||||||||||||||||||||||||||||||||||||||||||||||||||||||||||||||||||||||||||||||||||||||||||||||||||||||||||||||||||||||||||||||| ||||||||||||||||||||||||||||||||||||||||||||||||||||||||||||||||||||||||||||||||||||||| |||||| | || |||	1	0.989517819706499	1
S-0595_oECA1271_ssu_pcr_1	S-0595	oECA1271					1	gi|1689836087|gb|MN082258.1|	MN082258	Caenorhabditis sp. 5 GVDU-2019 small subunit ribosomal RNA gene, partial sequence	2590281	Caenorhabditis sp. 5 GVDU-2019	1	841.346	455	0	466	5	475	Plus	353	825	Plus	473	2	AACATAAAAAAGCCCCTCCTCTGGAGGGGCTATTTCAATGAGTTGAATACAAATGATTCTTCGAGGATCCAGGAGAGGGCAAGTCTGGTGCCAGCAGCCGCGGTAATTCCAGCTCTCCTAGTGTAAATCGTCATTGCTGCGGTTAAAAAGCTCGTAGTTGGATCTAGGTCATATGCTGTTGTTCGTTTTTAGCGTTAATAACGGCTGTGACTTTCTGTTGGTTTTCTACTTCGGTGGTGACCAGCGCGTTTACTTTGAATAAATTAAAGTGCTCAAGACAAGCGTTCGCTTGAATAGTTGATCATGGAATAATGGAACAGGACTTCGGNTCTTTTTATTGNTTCTAGAACTGTAGTAATGGTTAAGAGGGACAACTCGGGGGCATTCGTATCATTGCGCGAGAGGNG-AATTCGTGGACCGCAGTGGGACG-CCTAAAGCGAAAGCATTTGCCAAGATTGNCTTCATTAATCA	AACATAAAAAAGCCCCTCCTCTGGAGGGGCTATTTCAATGAGTTGAATACAAATGATTCTTCGAGGATCCAGGAGAGGGCAAGTCTGGTGCCAGCAGCCGCGGTAATTCCAGCTCTCCTAGTGTAAATCGTCATTGCTGCGGTTAAAAAGCTCGTAGTTGGATCTAGGTCATATGCTGTTGTTCGTTTTTAGCGTTAATAACGGCTGTGACTTTCTGTTGGTTTTCTACTTCGGTGGTGACCAGCGCGTTTACTTTGAATAAATTAAAGTGCTCAAGACAAGCGTTCGCTTGAATAGTTGATCATGGAATAATGGAACAGGACTTCGGTTCTTTTTATTGGTTCTAGAACTGTAGTAATGGTTAAGAGGGACAACTCGGGGGCATTCGTATCATTGCGCGAGAGGTGAAATTCGTGGACCGCAGTGGGACGCCCTAAAGCGAAAGCATTTGCCAAGAATGTCTTCATTAATCA	|||||||||||||||||||||||||||||||||||||||||||||||||||||||||||||||||||||||||||||||||||||||||||||||||||||||||||||||||||||||||||||||||||||||||||||||||||||||||||||||||||||||||||||||||||||||||||||||||||||||||||||||||||||||||||||||||||||||||||||||||||||||||||||||||||||||||||||||||||||||||||||||||||||||||||||||||||||||||||||||||||||||| ||||||||||| |||||||||||||||||||||||||||||||||||||||||||||||||||||||||||||||| | ||||||||||||||||||||||| ||||||||||||||||||||||||| || ||||||||||||	1	0.985200845665962	1
S-0538_oECA1271_ssu_pcr_1	S-0538	oECA1271					1	gi|1689836087|gb|MN082258.1|	MN082258	Caenorhabditis sp. 5 GVDU-2019 small subunit ribosomal RNA gene, partial sequence	2590281	Caenorhabditis sp. 5 GVDU-2019	1	835.806	452	0	472	5	483	Plus	345	828	Plus	484	5	AGTGA-TNAACAT-AAANNGCCCCTCCTCTGGAGGGGCTATTTCAATGAGTTGAATACAAATGATTCTTCGAGGATCCAGGAGAGGGCAAGTCTGGTGCCAGCAGCCGCGGTAATTCCAGCTCTCCTAGTGTAAATCGTCATTGCTGCGGTTAAAAAGCTCGTAGTTGGATCTAGGTCATATGCTGTTGTTCGTTTTTAGCGNTAATAACGGCTGTGACTTTCTGTTGGTTTTCTACTTCGGTGGTGACCAGCGCGTTTACTTTGAATAAATTAAAGTGCTCAAGACAAGCGTTCGCTTGAATAGTTGATCATGGAATAATGGAACAGGACTTCGGNTCTTTTTATTGGTNCTAGAACTGTAGTAATGGTTAAGAGGGACAACTCGGGGGCATTCGTATCATTGCGCGAGAGGNG-AATTCGTGGACCGCAGTGGGACG-CCTAAAGCGAAAGCATTTGCCAAG-ATGTCTTCATTAATCAAGA	AGTGACTAAACATAAAAAAGCCCCTCCTCTGGAGGGGCTATTTCAATGAGTTGAATACAAATGATTCTTCGAGGATCCAGGAGAGGGCAAGTCTGGTGCCAGCAGCCGCGGTAATTCCAGCTCTCCTAGTGTAAATCGTCATTGCTGCGGTTAAAAAGCTCGTAGTTGGATCTAGGTCATATGCTGTTGTTCGTTTTTAGCGTTAATAACGGCTGTGACTTTCTGTTGGTTTTCTACTTCGGTGGTGACCAGCGCGTTTACTTTGAATAAATTAAAGTGCTCAAGACAAGCGTTCGCTTGAATAGTTGATCATGGAATAATGGAACAGGACTTCGGTTCTTTTTATTGGTTCTAGAACTGTAGTAATGGTTAAGAGGGACAACTCGGGGGCATTCGTATCATTGCGCGAGAGGTGAAATTCGTGGACCGCAGTGGGACGCCCTAAAGCGAAAGCATTTGCCAAGAATGTCTTCATTAATCAAGA	||||| | ||||| |||  ||||||||||||||||||||||||||||||||||||||||||||||||||||||||||||||||||||||||||||||||||||||||||||||||||||||||||||||||||||||||||||||||||||||||||||||||||||||||||||||||||||||||||||||||||||||| ||||||||||||||||||||||||||||||||||||||||||||||||||||||||||||||||||||||||||||||||||||||||||||||||||||||||||||||||||||||||||||||||||||| ||||||||||||| |||||||||||||||||||||||||||||||||||||||||||||||||||||||||||||| | ||||||||||||||||||||||| |||||||||||||||||||||||| |||||||||||||||||||	1	0.975206611570248	1
S-0642_oECA1271_ssu_pcr_1	S-0642	oECA1271					1	gi|1689836087|gb|MN082258.1|	MN082258	Caenorhabditis sp. 5 GVDU-2019 small subunit ribosomal RNA gene, partial sequence	2590281	Caenorhabditis sp. 5 GVDU-2019	1	695.461	376	0	442	26	504	Plus	365	828	Plus	479	15	CCCCTCCTCTGGNGGGGCTATTTCAATGAGTTGAATACAAATGATTCTTCGAGGATCCAGGAGAGGGCAAGTCTGGTGCCAGCAGCCGCGGTAATTCCAGCTCTCCTAGTGTAAATCGTCATTGCTGCGGTTAAAAAGCTCGTAGTTGGATCTAGGTCATATGCTGTTGTTCGTTTTTAGCGTTAATAACGGCTNTGACTTTCTGTTGGTTTTCTACTTCGGTGGTGACCAGCGCGTTTACTTTGAATAAATTAAAGTGCTCAAGACAAGCNTTCGCTTGAATAGTTGATCCTTGGAATAATNGGAACAGGGACTTCGGTTCNTTTTTATTGGTTCTAGAACTNGTAAGAATGGGTAAANAGGGANNAACTCGGGGGCATTCGNNATCNTTGCNNCNNNNGAGGGGAAATTCGNGGGACCCGCAGTGGNACCGCCCTAAAGCGAAAGCNTTTNCCAAGANTNGNCTTCNTTAATCAAGA	CCCCTCCTCTGGAGGGGCTATTTCAATGAGTTGAATACAAATGATTCTTCGAGGATCCAGGAGAGGGCAAGTCTGGTGCCAGCAGCCGCGGTAATTCCAGCTCTCCTAGTGTAAATCGTCATTGCTGCGGTTAAAAAGCTCGTAGTTGGATCTAGGTCATATGCTGTTGTTCGTTTTTAGCGTTAATAACGGCTGTGACTTTCTGTTGGTTTTCTACTTCGGTGGTGACCAGCGCGTTTACTTTGAATAAATTAAAGTGCTCAAGACAAGCGTTCGCTTGAATAGTTGATCAT-GGAATAAT-GGAACAGG-ACTTCGGTTC-TTTTTATTGGTTCTAGAACT-GTAGTAATGGTTAAG-AGGGAC-AACTCGGGGGCATTCGT-ATCATTGCG-CGA--GAGGTGAAATTCGTGG-ACC-GCAGTGGGA-CGCCCTAAAGCGAAAGCATTTGCCAAGAAT-GTCTTCATTAATCAAGA	|||||||||||| ||||||||||||||||||||||||||||||||||||||||||||||||||||||||||||||||||||||||||||||||||||||||||||||||||||||||||||||||||||||||||||||||||||||||||||||||||||||||||||||||||||||||||||||||||||| |||||||||||||||||||||||||||||||||||||||||||||||||||||||||||||||||||||||||||| ||||||||||||||||||| | |||||||| |||||||| |||||||||| |||||||||||||||||||| |||  ||||| |||  |||||  ||||||||||||||||  ||| ||||  |    |||| |||||||| || ||| ||||||| | ||||||||||||||||| ||| |||||| | | |||| ||||||||||	1	0.922755741127349	1
S-0626_oECA1271_ssu_pcr_1	S-0626	oECA1271					1	gi|1689836087|gb|MN082258.1|	MN082258	Caenorhabditis sp. 5 GVDU-2019 small subunit ribosomal RNA gene, partial sequence	2590281	Caenorhabditis sp. 5 GVDU-2019	1	628.981	340	1.2411e-175	464	5	522	Plus	352	829	Plus	518	40	AAACNnaaaaaaGCCCCTCCTCTGGAGGGGCTATTTCAATGAGTTGAATACAAATGATTCTTCGAGGATCCAGGAGAGGGCAAGTCTGGTGCCAGCAGCCGCGGTAATTCCAGCTCTCCTAGTGTAAATCGTCATTGCTGCGGTTAAAAAGCTCGTAGTTGGATCTAGGTCATATGCTGTTGTTCGTTTTTAGCGTTAATAAACGGCTGTGGACTTTCTGTTGGTTTTCTACTTCGGTGGGGGACCAGCGCGTTTACTTTTGAATAAAATTAAAGTGCTCAAGACAAGCGTCCGCTTTGAATAAGTTGATCATGGAATAAATGGAACAAGAACTCGGGTTCTTTTTATATTGTTCTCAGAGACCTGTANTAATGGGTAAGAGAGGGNACAACTCGGGGGCGCATCGCGTATNCNTGGCCGCCGAGAGAGGTGGAAATATCTCGTGGAACGCCAGGTGGGACNGCGCCTTAAAGGCGAAAGACATTTTGGCCAAGAATTGTCTTTCATNTAATCAAGAA	AAACATAAAAAAGCCCCTCCTCTGGAGGGGCTATTTCAATGAGTTGAATACAAATGATTCTTCGAGGATCCAGGAGAGGGCAAGTCTGGTGCCAGCAGCCGCGGTAATTCCAGCTCTCCTAGTGTAAATCGTCATTGCTGCGGTTAAAAAGCTCGTAGTTGGATCTAGGTCATATGCTGTTGTTCGTTTTTAGCGTTAATAA-CGGCTGT-GACTTTCTGTTGGTTTTCTACTTCGGTGGT-GACCAGCGCGTTTACTTT-GAAT-AAATTAAAGTGCTCAAGACAAGCGTTCGCTT-GAAT-AGTTGATCATGGAATAA-TGGAACAGGACTTCGG-TTCTTTTTAT-TGGTTCT-AGA-A-CTGTAGTAATGGTTAAGAG-GG--ACAACTCGGGGGC--ATT-CGTAT-CATTGC-GC-GAGAG-G-TG-AAAT-TC--GTGGACCGC-AG-TGGGAC-GC-CCT-AAAG-CGAAAG-CATTT-G-CCAAGAAT-GTCTT-CAT-TAATCAAGAA	||||  |||||||||||||||||||||||||||||||||||||||||||||||||||||||||||||||||||||||||||||||||||||||||||||||||||||||||||||||||||||||||||||||||||||||||||||||||||||||||||||||||||||||||||||||||||||||||||||||||||| ||||||| |||||||||||||||||||||||||||||  |||||||||||||||||| |||| ||||||||||||||||||||||||| ||||| |||| ||||||||||||||||| ||||||| ||  |||| |||||||||| | ||||| ||| | ||||| |||||| |||||| ||  |||||||||||||  ||  ||||| | | || || ||||| | || |||| ||  ||||| ||| || |||||| || ||| |||| |||||| ||||| | |||||||| ||||| ||| ||||||||||	1	0.895752895752896	1
S-0669_oECA1271_B03_ssu_pcr_2	S-0669	oECA1271	B03				2	gi|1689836087|gb|MN082258.1|	MN082258	Caenorhabditis sp. 5 GVDU-2019 small subunit ribosomal RNA gene, partial sequence	2590281	Caenorhabditis sp. 5 GVDU-2019	1	686.227	371	0	421	39	472	Plus	381	828	Plus	448	14	GCTATTTC-ATGAGTTGAATACGAATGATTCTTCGAGGATCCAGGAGAGGGCAAGTCTGGTGCCAGCAGCCGCGGTAATTCCAGCTCTCCTAGTGTAN-TCGTCATTGCTGCGGTTNN-AAGCTCGTAGTTGGATCTAGGTCATATGCTGTTGTTCG-TTTTAGCGTTAATAACGGCTGTGACTTTCTGTTGG-TTTCTACTTCGGTGGTGACCAGCGCGTTTACTTTGAATAAATTAAAGTGCTCAAGACAAGCGTTCGCTTGAATAGTTGATCATGGAATAATGGAACAGGACTTCGGTTCTTTTTA-TGGTTCTAGAACTGTAGTANTGG-TAANAGGGACAACTCGGGN-CNTTCGTATCNTTGCNCGAGAGGTGAAA-TCGTGGACCGCAGTGGGACGCC-T-AAGCGAAAGCNTTTGC-AGGA-TGNCTTC-TTAATCAAGA	GCTATTTCAATGAGTTGAATACAAATGATTCTTCGAGGATCCAGGAGAGGGCAAGTCTGGTGCCAGCAGCCGCGGTAATTCCAGCTCTCCTAGTGTAAATCGTCATTGCTGCGGTTAAAAAGCTCGTAGTTGGATCTAGGTCATATGCTGTTGTTCGTTTTTAGCGTTAATAACGGCTGTGACTTTCTGTTGGTTTTCTACTTCGGTGGTGACCAGCGCGTTTACTTTGAATAAATTAAAGTGCTCAAGACAAGCGTTCGCTTGAATAGTTGATCATGGAATAATGGAACAGGACTTCGGTTCTTTTTATTGGTTCTAGAACTGTAGTAATGGTTAAGAGGGACAACTCGGGGGCATTCGTATCATTGCGCGAGAGGTGAAATTCGTGGACCGCAGTGGGACGCCCTAAAGCGAAAGCATTTGCCAAGAATGTCTTCATTAATCAAGA	|||||||| ||||||||||||| ||||||||||||||||||||||||||||||||||||||||||||||||||||||||||||||||||||||||||  |||||||||||||||||   |||||||||||||||||||||||||||||||||||||| ||||||||||||||||||||||||||||||||||| ||||||||||||||||||||||||||||||||||||||||||||||||||||||||||||||||||||||||||||||||||||||||||||||||||||||||||||||||||| ||||||||||||||||||| ||| ||| ||||||||||||||  | |||||||| |||| |||||||||||| |||||||||||||||||||||| | |||||||||| ||||| | || || |||| ||||||||||	1	0.939732142857143	1
S-0877_oECA1271_G05_ssu_pcr_2	S-0877	oECA1271	G05				2	gi|356605890|gb|JN636077.1|	JN636077	Caenorhabditis kamaaina strain QG122 18S small subunit ribosomal RNA gene, partial sequence	1094325	Caenorhabditis kamaaina	1	817.339	442	0	468	15	490	Plus	437	919	Plus	483	7	TAAAGACTCATCCTTCTGGNTGAGTTATTTCAATGAGTTGAATACAAATGATTCTTCGAGTAGCAAGGAGAGGGCAAGTCTGGTGCCAGCAGCCGCGGTAATTCCAGCTCTCCTAGTGTATCTCGTTATTGCTGCGGTTAAAAAGCTCGTAGTTGGATCTAGGTTACGTGCTGCAGTTCGCAATTTGCGTTAACTGTGGTCGTGACTTCTAATTTGCTGGTTTGCGGTTGGGTTCGCCCTTCAACTGCCAGCAGGTTTACCTTGAATAAATCAGAGTGCTCAATACAGGCGCTTGCTTGAATAGCTCATCATGGAATAATGGAATAGGACTTCGGNTCTTTTTGNT-GTTCTAGAACTGTTT-ANTGG-TAAGAGGGACAAACCGGGGGCATTCGTATCATTACGCGAGAGGTG-AATTCGTGGACCGNAGTGAGACG-CCAACAGCGAAAGCATT-GCCAAG-ATGTCTTCATTANTCAAGA	TAAAGACTCATCCTTCTGGATGAGTTATTTCAATGAGTYGAWTACAAATGATTCTTCGAGTAGCAAGGAGAGGGCAAGTCTGGTGCCAGCAGCCGCGGTAATTCCAGCTCTCCTAGTGTATCTCGTTATTGCTGCGGTTAAAAAGCTCGTAGTTGGATCTAGGTTACGTGCTGCAGTTCGCAATTTGCGTTAACTGTGGTCGTGACTTCTAATTTGCTGGTTTGCGGTTGGGTTCGCCCTTCAACTGCCAGCAGGTTTACCTTGAATAAATCAGAGTGCTCAATACAGGCGCTTGCTTGAATAGCTCATCATGGAATAATGGAATAGGACTTCGGTTCTTTTTGTTGGTTCTAGAACTGTTTTAATGGTTAAGAGGGACAAACCGGGGGCATTCGTATCATTACGCGAGAGGTGAAATTCGTGGACCGTAGTGAGACGCCCAACAGCGAAAGCATTTGCCAAGAATGTCTTCATTAATCAAGA	||||||||||||||||||| |||||||||||||||||| || ||||||||||||||||||||||||||||||||||||||||||||||||||||||||||||||||||||||||||||||||||||||||||||||||||||||||||||||||||||||||||||||||||||||||||||||||||||||||||||||||||||||||||||||||||||||||||||||||||||||||||||||||||||||||||||||||||||||||||||||||||||||||||||||||||||||||||||||||||||||||||||||||||||| |||||||| | ||||||||||||||| | ||| ||||||||||||||||||||||||||||||||||||||||||||| ||||||||||||| ||||||||| ||||||||||||||||| |||||| |||||||||||| ||||||	1	0.968944099378882	1
S-0878_oECA1271_H05_ssu_pcr_2	S-0878	oECA1271	H05				2	gi|356605890|gb|JN636077.1|	JN636077	Caenorhabditis kamaaina strain QG122 18S small subunit ribosomal RNA gene, partial sequence	1094325	Caenorhabditis kamaaina	1	713.927	386	0	439	2	462	Plus	423	895	Plus	473	12	AGTGA-T-AANATATAAAGACTCATCCTTCTGGATGAGTTATTTCAATGAGTTGAATACAAATGATTCTTCGAGTAGCAAGGAGAGGGCAAGTCTGGTGCCAGCAGCCGCGGTAATTCCAGCTCTCCTAGTGTATCTCGTTATTGCTGCGGTTAAAAAGCTCGTAGTTGGATCTAGGTTACGTGCTGCAGTTCGCAATTTGCGTTAACTGTGGTCGTGACTTCTAATTTGCTGGTTTGCGGTTGGN-TCGCCCTTCAACTGCCAGCAGGTTTACCTTGAATAAATCAGAGTGCTCAATACAGGCNCTTGCTTGAATAGCTCATCATGGAATAANGGAATAGGACTTCGGT-CTTTTTGTNG-TTCTAGAACTNGTTTAAT-GTTAANAGGGACAAACC-GGGGCNTTCGNNTCATTACNCGAGAG-TN-AATTCGTGGACCNNA-TNAGANN-CCAACANCGAAAGN-TTTGC	AGTGACTAAAAATATAAAGACTCATCCTTCTGGATGAGTTATTTCAATGAGTYGAWTACAAATGATTCTTCGAGTAGCAAGGAGAGGGCAAGTCTGGTGCCAGCAGCCGCGGTAATTCCAGCTCTCCTAGTGTATCTCGTTATTGCTGCGGTTAAAAAGCTCGTAGTTGGATCTAGGTTACGTGCTGCAGTTCGCAATTTGCGTTAACTGTGGTCGTGACTTCTAATTTGCTGGTTTGCGGTTGGGTTCGCCCTTCAACTGCCAGCAGGTTTACCTTGAATAAATCAGAGTGCTCAATACAGGCGCTTGCTTGAATAGCTCATCATGGAATAATGGAATAGGACTTCGGTTCTTTTTGTTGGTTCTAGAACTGTTTTAATGGTTAAGAGGGACAAACCGGGGGCATTCGTATCATTACGCGAGAGGTGAAATTCGTGGACCGTAGTGAGACGCCCAACAGCGAAAGCATTTGC	||||| | || ||||||||||||||||||||||||||||||||||||||||| || |||||||||||||||||||||||||||||||||||||||||||||||||||||||||||||||||||||||||||||||||||||||||||||||||||||||||||||||||||||||||||||||||||||||||||||||||||||||||||||||||||||||||||||||||||||||||||||  ||||||||||||||||||||||||||||||||||||||||||||||||||||||||| |||||||||||||||||||||||||||| |||||||||||||||| |||||||| | ||||||||||  |||||| ||||| ||||||||||| ||||| ||||  ||||||| |||||| |  ||||||||||||  | | |||   |||||| ||||||  |||||	1	0.928118393234672	1
